frame_nmr,car_id,car_bbox,license_plate_bbox,license_plate_bbox_score,license_number,license_number_score
61,2784,[924.7481689453125 653.493408203125 1148.0697021484375 835.9827270507812],[996.90234375 767.7000732421875 1076.9300537109375 794.5567016601562],0.6053867340087891,B90GSK,0.6901773286707263
62,2784,[925.2605590820312 653.3394165039062 1147.489990234375 832.9661865234375],[1000.9059448242188 766.2749633789062 1074.6494140625 792.3136596679688],0.5761597156524658,B90GSK,0.9049809734782658
63,2784,[926.0211791992188 653.104248046875 1148.5711669921875 832.6303100585938],[999.9100341796875 766.373291015625 1075.1458740234375 792.3848876953125],0.6310213208198547,B900GSK,0.8080431486908429
65,2784,[929.0370483398438 651.0071411132812 1148.2816162109375 829.1550903320312],[1003.027587890625 764.40185546875 1076.0146484375 787.3109130859375],0.7208395004272461,B906SKI,0.5020685600650177
66,2784,[929.9030151367188 649.8240966796875 1149.424560546875 827.1829833984375],[1003.790771484375 763.169677734375 1076.74609375 782.6011962890625],0.5598309636116028,B906SKI,0.38871407184683404
67,2784,[933.7199096679688 649.9011840820312 1149.5439453125 824.5004272460938],[1006.924072265625 762.4718627929688 1075.4879150390625 780.2647705078125],0.6195014119148254,B90GSK,0.949961828632749
68,2784,[937.2501220703125 648.7103271484375 1149.8594970703125 820.3154907226562],[1007.706298828125 759.5037231445312 1078.506103515625 777.8047485351562],0.5860554575920105,B900GSK,0.6740727110703754
69,2784,[938.3568115234375 647.39794921875 1148.874267578125 819.2274780273438],[1007.5541381835938 758.45947265625 1078.5009765625 776.6173095703125],0.6374313235282898,B90GSK,0.9139257782323414
70,2784,[940.7822875976562 646.665771484375 1148.9708251953125 818.7507934570312],[1008.2422485351562 758.0814208984375 1080.234375 777.19140625],0.5721038579940796,B90GSK,0.9662851479279978
71,2784,[942.1011962890625 646.6828002929688 1149.664794921875 817.450927734375],[1008.3883666992188 756.5709228515625 1081.90234375 776.4942626953125],0.6453440189361572,G00GSK,0.9123734920469673
73,2784,[943.9575805664062 647.41943359375 1149.0611572265625 814.5050048828125],[1011.08251953125 754.992919921875 1077.0447998046875 773.2944946289062],0.540431022644043,BB90GSK,0.20291425661566065
74,2784,[944.1394653320312 644.6100463867188 1149.10498046875 812.1783447265625],[1010.841796875 754.3778686523438 1080.4339599609375 773.5175170898438],0.24961180984973907,B906SKI,0.6693240921192457
75,2784,[946.561767578125 644.19384765625 1148.7349853515625 810.673095703125],[1011.9154052734375 750.3634643554688 1081.6968994140625 770.9419555664062],0.7864053845405579,B96SKI,0.7240876909324723
76,2784,[947.4807739257812 644.058349609375 1148.1964111328125 809.9912719726562],[1009.9139404296875 749.8883056640625 1080.6748046875 771.03076171875],0.7892541289329529,B900GSK,0.5629992587792804
77,2784,[948.6141357421875 644.7501831054688 1148.14892578125 809.41162109375],[1014.4764404296875 743.303955078125 1082.604248046875 766.848876953125],0.21744799613952637,B90GSK,0.7540890022513881
78,2784,[949.3492431640625 645.0097045898438 1148.461669921875 809.7863159179688],[1012.9198608398438 748.2387084960938 1079.218017578125 769.3617553710938],0.6226510405540466,I900GSK,0.6993346525101718
80,2784,[950.905517578125 642.2872314453125 1149.6951904296875 807.900390625],[1015.578369140625 742.6722412109375 1084.62890625 763.69873046875],0.2361053228378296,B906SKI,0.4619231816993335
81,2784,[952.051513671875 642.24267578125 1149.5333251953125 805.517578125],[1020.2801513671875 742.2405395507812 1085.285888671875 762.0422973632812],0.1829352229833603,B906SKI,0.6810385228119228
83,2784,[955.8502807617188 641.78076171875 1147.827392578125 800.5150756835938],[1020.5526123046875 742.3500366210938 1083.2237548828125 760.6755981445312],0.38679659366607666,I900GSK,0.41878757154668456
86,2784,[961.466064453125 640.5892333984375 1147.3509521484375 793.9507446289062],[1023.459228515625 740.4927978515625 1082.1947021484375 756.703857421875],0.5906664133071899,BI90GSK,0.28626940704959186
87,2784,[962.0636596679688 640.364013671875 1146.6103515625 791.142578125],[1019.6654663085938 739.3511962890625 1082.532470703125 755.3751220703125],0.6226931214332581,B19GSK,0.6535898959529539
88,2784,[963.6607666015625 640.8619384765625 1147.3848876953125 790.9423217773438],[1021.2039184570312 737.2822265625 1082.351318359375 753.768310546875],0.6850647330284119,B900GSK,0.33601835224001775
89,2784,[964.30224609375 641.159423828125 1147.7330322265625 790.07275390625],[1021.1940307617188 737.1112060546875 1082.778564453125 752.559814453125],0.672727644443512,I900GSK,0.6365521061447137
91,2784,[966.42578125 640.4445190429688 1147.662109375 787.75830078125],[1030.4345703125 738.7635498046875 1082.782958984375 752.2540283203125],0.3125731348991394,B900GSK,0.5086901690338681
93,2784,[968.99267578125 640.5751953125 1147.5760498046875 785.4496459960938],[1024.642822265625 737.6138305664062 1079.89892578125 751.8619995117188],0.18260225653648376,B900GSK,0.6794470482349282
94,2784,[969.8380737304688 641.7357788085938 1147.5087890625 784.754638671875],[1026.19580078125 737.46435546875 1080.286865234375 751.551513671875],0.1507899910211563,O900GSK,0.40118373860886125
95,2797,[1386.489501953125 618.5693359375 1597.760009765625 774.3590087890625],[1530.40478515625 711.9200439453125 1590.9437255859375 728.9467163085938],0.25519055128097534,G772WNE,0.2975880164370573
96,2784,[972.8088989257812 643.5865478515625 1147.7608642578125 782.9652709960938],[1032.08642578125 736.5104370117188 1082.597900390625 749.9624633789062],0.4237939417362213,I09GSK,0.03776407575313676
97,2784,[973.8012084960938 644.8623046875 1147.7752685546875 783.2982788085938],[1031.81884765625 736.34326171875 1082.67138671875 751.169677734375],0.3543466329574585,B19GSK,0.7611891498882003
100,2784,[975.4993896484375 644.9833374023438 1145.509521484375 781.5377197265625],[1031.7333984375 735.3184204101562 1081.9991455078125 749.7467651367188],0.217779740691185,C00GSI,0.10323504181399823
102,2784,[975.1669921875 645.0088500976562 1144.2303466796875 780.0969848632812],[1031.095703125 734.47802734375 1083.9493408203125 749.65087890625],0.2840256989002228,O900GSE,0.3150688151115415
105,2797,[1427.79638671875 613.6964721679688 1737.0966796875 791.9320678710938],[1599.6287841796875 715.139892578125 1675.7208251953125 738.3118896484375],0.7355505228042603,B27AKL,0.048551038905027835
107,2784,[978.477294921875 645.0584716796875 1142.9727783203125 778.6011962890625],[1031.9267578125 733.25341796875 1081.791259765625 748.1309814453125],0.21929946541786194,D00GSI,0.21456702165113833
109,2784,[982.6571655273438 644.8323364257812 1143.735595703125 776.9602661132812],[1031.026123046875 732.8194580078125 1081.6002197265625 746.9434814453125],0.22978846728801727,M00GSE,0.18072141094009306
114,2797,[1487.6517333984375 604.9070434570312 1844.3836669921875 809.1591796875],[1688.6099853515625 725.3291015625 1782.1966552734375 752.0286254882812],0.6802487373352051,G772ANA,0.30427904899676883
115,2797,[1492.9835205078125 603.31103515625 1857.082275390625 810.8997802734375],[1700.9659423828125 726.1559448242188 1792.2308349609375 752.7989501953125],0.6612826585769653,E77JAA,0.12552501573141892
116,2797,[1495.3818359375 602.7945556640625 1876.8677978515625 814.9086303710938],[1715.428466796875 727.2716064453125 1814.39990234375 753.5846557617188],0.690172553062439,E774GNA,0.23446241716186353
116,2784,[986.4237060546875 644.6138916015625 1144.5123291015625 771.8605346679688],[1042.61962890625 729.4390869140625 1096.833740234375 746.077880859375],0.14947426319122314,D02JSK,0.36998071319632364
210,2919,[501.6859130859375 648.277587890625 675.3814086914062 821.3395385742188],[572.3429565429688 716.4921875 621.3909912109375 735.1910400390625],0.2936914265155792,O78QKI,0.30807929331090156
212,2917,[632.8248901367188 633.3638305664062 1023.5809326171875 854.8319091796875],[691.096923828125 763.2595825195312 773.8638916015625 791.2633666992188],0.6618623733520508,IF12DLM,0.9951804318865471
212,2919,[494.1797180175781 645.78515625 674.0413818359375 822.986083984375],[558.6744384765625 719.0289306640625 624.1416625976562 744.50927734375],0.10504660755395889,OI78IKN,0.5151265045770231
213,2917,[634.9403686523438 631.5993041992188 1026.9212646484375 855.8818969726562],[697.1991577148438 764.318115234375 776.38037109375 791.7744140625],0.6719211339950562,IF12DLM,0.6973577068203742
213,2919,[491.64849853515625 644.1204223632812 671.74462890625 823.3743896484375],[554.1151123046875 716.2110595703125 620.8895874023438 738.79150390625],0.6227012872695923,I75MKN,0.8425581187855994
214,2917,[639.6272583007812 631.9776000976562 1028.9129638671875 855.1414794921875],[700.950927734375 762.5745849609375 784.774169921875 792.18603515625],0.7938466668128967,IF12DLM,0.8408240209474611
215,2917,[641.4324340820312 629.4443969726562 1031.515380859375 855.4299926757812],[705.4232177734375 761.9906616210938 787.056396484375 791.1256713867188],0.7566073536872864,IF12DLM,0.76566295938649
216,2917,[643.8826293945312 627.2573852539062 1033.244140625 855.5905151367188],[707.203125 762.4674072265625 791.543212890625 790.5013427734375],0.753566563129425,IF12DLM,0.9622809964600801
217,2917,[647.8350830078125 626.0759887695312 1038.064697265625 855.3263549804688],[707.5420532226562 761.455810546875 794.0432739257812 792.1929931640625],0.77415531873703,IF12DLM,0.9337542361567891
217,2919,[474.5247497558594 642.897705078125 685.0193481445312 827.7745971679688],[541.9859619140625 715.15380859375 613.7726440429688 736.2760620117188],0.5718494057655334,B18LKN,0.250512517695126
218,2917,[650.3856811523438 624.7485961914062 1040.948486328125 855.7449951171875],[719.2688598632812 760.8041381835938 802.4263916015625 789.1752319335938],0.6951163411140442,IF12DLM,0.8884595628144627
218,2919,[467.40252685546875 641.2994995117188 686.3778686523438 830.1365356445312],[533.4227294921875 715.8309326171875 603.551513671875 735.4989013671875],0.5528358221054077,I78MKN,0.8318180229265529
219,2917,[653.6228637695312 623.2875366210938 1042.2816162109375 855.6570434570312],[721.3275146484375 760.3851928710938 808.168701171875 790.3269653320312],0.7750481367111206,IF12DLM,0.6552127566219664
220,2919,[458.0881652832031 638.7359008789062 695.326416015625 831.7139282226562],[531.8016967773438 718.246337890625 603.1990966796875 744.6410522460938],0.15491820871829987,BI78KKN,0.8315054097788808
220,2917,[656.578369140625 620.4795532226562 1047.6483154296875 855.6019287109375],[723.999755859375 763.4326171875 811.7492065429688 788.3164672851562],0.610227108001709,IF12DLM,0.7591986193348067
221,2917,[665.9856567382812 619.6678466796875 1051.2742919921875 855.8381958007812],[731.3378295898438 761.340087890625 817.6083984375 790.3853759765625],0.7514728903770447,IF12DLM,0.7181518127718467
222,2917,[668.3406982421875 619.8075561523438 1053.7535400390625 855.22998046875],[731.8550415039062 761.382568359375 818.429443359375 790.68896484375],0.8009967803955078,IF12DLM,0.7140478879176478
223,2917,[671.0230102539062 619.1243286132812 1054.28125 854.3582153320312],[737.9327392578125 759.2564697265625 824.8402099609375 788.6083984375],0.7968378067016602,IF12DLM,0.9010083887209175
224,2917,[673.7404174804688 619.260009765625 1055.95263671875 855.92041015625],[744.732177734375 759.76513671875 831.53662109375 787.40576171875],0.7836472392082214,IF12DLM,0.7964281432553665
225,2917,[675.5206909179688 620.556640625 1056.421142578125 856.5850830078125],[745.9483642578125 760.10693359375 834.6326293945312 789.3155517578125],0.7444257736206055,IF12DLM,0.8944257509358667
225,2919,[432.4625244140625 633.6759033203125 692.6719970703125 838.6513671875],[507.2900390625 715.58203125 579.2440795898438 733.88525390625],0.4675306975841522,I78HKN,0.7043833859755422
226,2917,[678.3446044921875 619.8602294921875 1056.6168212890625 858.1179809570312],[749.5050048828125 761.6572265625 838.99609375 790.0517578125],0.7197471261024475,IF12DLM,0.899212764723399
226,2919,[427.55517578125 633.8717041015625 691.4627685546875 840.9529418945312],[498.3525695800781 718.5441284179688 573.3121337890625 744.681396484375],0.10745704919099808,B18EKN,0.20163999462573615
227,2917,[683.1912231445312 619.097412109375 1056.4041748046875 858.4518432617188],[755.0689086914062 763.3271484375 846.1241455078125 789.9027099609375],0.7358129620552063,IF12DLM,0.9413403975184548
228,2917,[686.0901489257812 618.6931762695312 1056.6431884765625 858.468017578125],[756.03515625 762.3658447265625 851.9307861328125 789.91845703125],0.7129276990890503,IF12DLM,0.9642442016167447
228,2919,[411.1544494628906 632.9315795898438 695.8828735351562 844.6143798828125],[497.4905090332031 716.4417114257812 570.8101806640625 737.9376220703125],0.14538411796092987,BN78HKN,0.2065705101136773
229,2917,[687.0838012695312 618.9446411132812 1057.8922119140625 862.263916015625],[758.4241333007812 760.8489990234375 850.9771728515625 791.0548095703125],0.7524620294570923,IF12DLM,0.826789491748498
229,2919,[404.3611755371094 633.3565063476562 694.2015991210938 846.6384887695312],[474.3674011230469 722.2857666015625 561.5850830078125 745.60595703125],0.3136063516139984,B78HKN,0.6050843567362744
230,2917,[689.0516357421875 618.8214111328125 1057.6134033203125 865.1815185546875],[761.7689208984375 761.521728515625 859.4122924804688 792.8792724609375],0.7767309546470642,IF12DLM,0.9899015725292049
230,2919,[394.22601318359375 632.783447265625 698.190185546875 850.5889892578125],[473.26055908203125 717.3092041015625 554.384521484375 743.86474609375],0.5376342535018921,BY78UKN,0.10543609560932163
231,2917,[692.3527221679688 619.7177124023438 1057.9100341796875 866.7183227539062],[765.64892578125 760.689697265625 862.8336181640625 793.338134765625],0.6799032688140869,IF12DLM,0.8497884172002164
231,2919,[389.5409851074219 632.3975219726562 699.5882568359375 851.9912719726562],[468.39202880859375 717.2952880859375 548.2875366210938 743.1131591796875],0.5104287266731262,BI78MKN,0.827122688779373
232,2917,[695.5234375 620.8121337890625 1058.1116943359375 866.3629760742188],[769.4876708984375 762.3492431640625 867.5924072265625 793.1536865234375],0.7468055486679077,IF12DLM,0.9277747809187727
233,2917,[699.6407470703125 620.1342163085938 1059.4923095703125 867.2093505859375],[772.9896240234375 763.2030029296875 874.0755615234375 795.637939453125],0.5888617634773254,IF12DLM,0.9431637036782401
234,2917,[700.611083984375 620.2582397460938 1059.2203369140625 867.0490112304688],[775.228271484375 763.7308959960938 874.625244140625 794.7588500976562],0.593972384929657,IF12DLM,0.9680398692740063
235,2917,[701.8959350585938 619.6716918945312 1059.1058349609375 867.4385375976562],[779.4066162109375 762.1915283203125 877.9356689453125 795.0743408203125],0.6712270379066467,IF12OLM,0.9806945140500548
236,2917,[703.6477661132812 618.8396606445312 1058.7718505859375 869.3330078125],[784.0325317382812 761.8560791015625 883.0801391601562 796.493408203125],0.6997016668319702,IF12OLM,0.819659253282422
237,2917,[703.6934204101562 618.6038818359375 1058.10986328125 869.1757202148438],[785.1295166015625 761.0033569335938 885.48193359375 794.4915161132812],0.6512842774391174,IF12DLM,0.8701768300838245
238,2919,[337.5213928222656 628.3744506835938 703.0364990234375 869.4373779296875],[421.223388671875 728.0955810546875 507.64697265625 751.919189453125],0.857998788356781,B78MKN,0.6213522922649376
238,2917,[706.5056762695312 619.3883056640625 1057.6239013671875 869.8444213867188],[788.195068359375 762.4096069335938 889.5633544921875 796.8440551757812],0.5940675735473633,IF12DLM,0.7155176186895884
239,2917,[708.2774658203125 618.2303466796875 1057.0670166015625 872.1038208007812],[791.286376953125 767.7954711914062 888.303466796875 798.2129516601562],0.66811203956604,IF12DLM,0.9558825374816511
239,2919,[325.1119689941406 626.1229248046875 695.734619140625 872.4469604492188],[420.7619934082031 716.30029296875 502.4079895019531 750.2674560546875],0.1317707896232605,JI78MKN,0.7125240977525572
240,2919,[316.8269958496094 624.5953979492188 691.5439453125 873.8910522460938],[398.91668701171875 732.271728515625 494.91119384765625 754.27001953125],0.8084588646888733,BI78HKN,0.47986047156287054
240,2917,[709.388671875 617.646240234375 1056.67431640625 873.2683715820312],[795.5220336914062 768.3960571289062 893.6500854492188 798.4070434570312],0.783626139163971,IF12DLM,0.9944885991579424
241,2917,[710.0250854492188 617.0560913085938 1056.0479736328125 874.0374755859375],[797.3032836914062 767.9719848632812 894.9160766601562 798.1737670898438],0.7515876293182373,IF12DLM,0.8764294626788172
242,2917,[712.8855590820312 616.570556640625 1055.7249755859375 874.452880859375],[800.6782836914062 770.6558837890625 896.4783325195312 796.893798828125],0.6688641309738159,IF12DLM,0.9964991028897661
243,2917,[714.641845703125 616.9229736328125 1055.8787841796875 874.5679321289062],[799.3145141601562 769.1354370117188 900.7197875976562 798.4147338867188],0.725780189037323,IF12DLM,0.9594845682608265
244,2917,[716.2418212890625 617.19287109375 1055.2103271484375 875.782958984375],[803.240966796875 767.9365234375 903.373046875 801.5155029296875],0.7171316742897034,IF12DLM,0.7682593481582982
245,2917,[717.76220703125 617.8322143554688 1053.1180419921875 876.8793334960938],[806.4959106445312 774.4815673828125 903.6622924804688 801.3892822265625],0.7021448612213135,IF12DLM,0.8279148324892112
246,2917,[719.1785888671875 618.5103759765625 1051.7713623046875 877.1346435546875],[805.1123657226562 771.5887451171875 908.2600708007812 804.42822265625],0.7126620411872864,IF12DLM,0.9816109062684836
247,2917,[719.4498291015625 618.9866333007812 1050.90966796875 878.0753173828125],[807.54443359375 774.3744506835938 908.049560546875 803.4515991210938],0.7214822769165039,IF12DLM,0.9050405259745028
248,2917,[719.9212646484375 618.641845703125 1048.4588623046875 880.3606567382812],[808.8494873046875 775.55322265625 911.589599609375 808.0604248046875],0.6583484411239624,IF12DLM,0.853887913915176
249,2917,[720.6143798828125 618.6530151367188 1047.8004150390625 880.8936767578125],[811.5062255859375 780.1466064453125 909.5379638671875 807.324951171875],0.5363770723342896,IF12DLM,0.9956313551611407
250,2917,[720.7640991210938 618.5422973632812 1047.1817626953125 882.401123046875],[812.2901000976562 776.0159912109375 913.6060180664062 807.7122802734375],0.7794435024261475,IF12DLM,0.9940415715536831
251,2917,[719.8424682617188 618.7255249023438 1045.3067626953125 886.6172485351562],[812.0540771484375 779.7894287109375 910.13525390625 811.13232421875],0.7824312448501587,F12DLM,0.9343723180293261
251,2919,[200.926513671875 623.172607421875 654.2586669921875 913.1001586914062],[298.9468688964844 742.5261840820312 406.78839111328125 775.1211547851562],0.7155018448829651,BI78MKN,0.5413815540744245
252,2917,[719.9459228515625 619.1544799804688 1044.5872802734375 889.5853881835938],[812.487060546875 779.8863525390625 913.4385986328125 810.117431640625],0.811991274356842,IF12DLM,0.9348549873797286
253,2917,[719.4540405273438 620.3746948242188 1043.4451904296875 891.0203247070312],[809.2664794921875 782.841552734375 915.7556762695312 820.5885009765625],0.1416415125131607,IF12DLM,0.9979807032552799
253,2919,[180.26712036132812 625.0050659179688 647.9412231445312 919.0630493164062],[281.335693359375 747.6302490234375 393.2113037109375 776.2020263671875],0.7664444446563721,B18HKM,0.43407498806430367
254,2917,[719.2813720703125 620.1142578125 1042.63232421875 894.264892578125],[814.981201171875 782.8690795898438 915.252685546875 814.3881225585938],0.8428554534912109,IF12DLM,0.9895669485228398
255,2917,[719.215576171875 620.4854125976562 1042.2039794921875 895.0460205078125],[814.8894653320312 782.8370361328125 917.7438354492188 813.5868530273438],0.8640700578689575,IF12DLM,0.9972110294938974
256,2917,[719.4434814453125 621.3989868164062 1041.4713134765625 895.6996459960938],[815.3699340820312 783.0302124023438 920.3887939453125 815.4186401367188],0.8798466324806213,IF12DLM,0.9916365835134978
257,2917,[719.1611328125 621.9293823242188 1040.9984130859375 897.6596069335938],[814.9070434570312 783.935302734375 920.5724487304688 816.05859375],0.878814160823822,IF12DLM,0.9713680902436513
258,2917,[718.9829711914062 622.1395263671875 1040.0240478515625 898.4469604492188],[814.9423828125 784.490966796875 921.8360595703125 816.3525390625],0.8578182458877563,IF12DLM,0.7688631390405156
259,2919,[100.56318664550781 621.173583984375 625.2521362304688 945.918212890625],[208.8992156982422 757.5205078125 335.29400634765625 794.222900390625],0.8703302145004272,BI78MKN,0.7531940650725895
259,2917,[717.9697265625 621.8092651367188 1038.8291015625 899.4644775390625],[814.3562622070312 785.0068359375 923.6401977539062 817.61572265625],0.852274477481842,FF12DLM,0.6930012679473309
260,2919,[84.33805847167969 621.6179809570312 621.9734497070312 951.6502685546875],[193.2337188720703 757.9894409179688 320.28765869140625 796.4664916992188],0.8155134916305542,BI78MKN,0.7729545900883306
260,2917,[717.6205444335938 621.4255981445312 1041.2274169921875 901.3468627929688],[815.0313720703125 785.5816040039062 923.7535400390625 819.2514038085938],0.6911336779594421,IF12DLM,0.9808137595093844
261,2919,[72.99776458740234 621.4511108398438 620.477294921875 954.7568969726562],[181.82138061523438 758.48876953125 315.75848388671875 799.0061645507812],0.8077907562255859,BI78MKN,0.8306813872991016
261,2917,[717.1754760742188 620.8384399414062 1042.723388671875 901.9389038085938],[816.3489990234375 785.625732421875 923.924560546875 819.4934692382812],0.724388837814331,IF12DLM,0.9938500651677302
262,2919,[61.021148681640625 620.8876342773438 615.5613403320312 960.1349487304688],[170.83041381835938 767.0282592773438 293.83123779296875 799.1515502929688],0.23775243759155273,BI78HKN,0.8994980274309944
262,2917,[716.6507568359375 620.89990234375 1043.852783203125 901.9864501953125],[817.5611572265625 787.02392578125 925.98193359375 820.005615234375],0.7649775147438049,IF12DLM,0.9988769339161295
263,2919,[37.92985534667969 620.19921875 610.0577392578125 965.5326538085938],[146.735107421875 763.1145629882812 287.65936279296875 802.1048583984375],0.7788262963294983,BI78MKN,0.6228491425538479
263,2917,[715.7691650390625 620.4088745117188 1045.8353271484375 902.6021728515625],[817.1181640625 790.4756469726562 925.4481201171875 822.0470581054688],0.7165528535842896,IF12DLM,0.8080064900931024
264,2917,[715.2681274414062 620.2222290039062 1046.7010498046875 902.6116333007812],[817.1328735351562 789.3949584960938 924.3704223632812 823.0958862304688],0.7209682464599609,IF12DLM,0.9992561568038811
265,2919,[6.183032035827637 618.103271484375 602.263427734375 973.7149047851562],[124.12397003173828 767.42578125 266.7495422363281 806.3587646484375],0.7428329586982727,BI78MKN,0.8793149717241429
265,2917,[716.168212890625 620.1942138671875 1046.323974609375 902.9475708007812],[817.8529052734375 787.9949340820312 926.264404296875 823.7565307617188],0.6919587850570679,IF12DLM,0.938297502112261
266,2917,[717.4690551757812 620.2067260742188 1048.5452880859375 903.6099243164062],[816.9369506835938 786.9493408203125 927.1257934570312 824.00146484375],0.7353662848472595,IF12DLM,0.9670918171916463
266,2919,[0.0 616.0510864257812 598.2108764648438 976.9822387695312],[96.66149139404297 769.1170654296875 246.28500366210938 812.8134765625],0.7285674810409546,BI78MKN,0.6601972624011839
267,2919,[0.0 614.7047729492188 596.269287109375 978.9754638671875],[90.70866394042969 770.559814453125 239.68849182128906 811.3401489257812],0.7758646011352539,BI78MKN,0.53271408486827
267,2917,[717.113525390625 620.1509399414062 1049.6534423828125 903.8992919921875],[817.2147216796875 787.0157470703125 927.8939208984375 824.1138916015625],0.7180207371711731,IF12DLM,0.9992701277602426
267,2920,[506.03533935546875 631.5256958007812 722.113525390625 829.1560668945312],[566.94189453125 714.3841552734375 618.0126953125 732.2303466796875],0.16130812466144562,S10WEB,0.3794528080606598
268,2919,[0.0 614.6336059570312 592.1875610351562 981.9803466796875],[80.3629150390625 773.5443115234375 225.51577758789062 811.65478515625],0.8504288196563721,BI78LKN,0.24474310061272894
268,2917,[717.40966796875 619.602294921875 1049.513671875 905.0464477539062],[817.7982177734375 790.8385620117188 926.6014404296875 823.1987915039062],0.7659308314323425,IF12DLM,0.8703871053989563
268,2920,[501.6247253417969 631.8342895507812 721.11474609375 831.032470703125],[554.0245971679688 714.4469604492188 616.680908203125 735.5128784179688],0.27435410022735596,S10NEB,0.09226318279049231
269,2919,[0.0 614.2052001953125 586.6699829101562 981.8096313476562],[57.232635498046875 775.036376953125 208.78036499023438 814.732177734375],0.8444874286651611,B78EKN,0.28114517415405005
269,2917,[717.4411010742188 619.7973022460938 1049.6842041015625 905.7883911132812],[817.6160888671875 791.521240234375 926.9468994140625 824.2088623046875],0.8221526145935059,IF12DLM,0.9985717280431425
269,2920,[496.64654541015625 630.4374389648438 719.4053344726562 830.8167114257812],[554.6710205078125 713.8012084960938 611.3480834960938 730.1714477539062],0.40632158517837524,G10WEB,0.5750560176775577
270,2919,[0.0 613.6486206054688 583.7543334960938 981.5841064453125],[45.75061798095703 774.7760009765625 199.11099243164062 815.27490234375],0.824874222278595,JI78UKN,0.32078837981162844
270,2917,[717.149658203125 620.0950927734375 1050.975830078125 907.085205078125],[816.4407348632812 787.2125244140625 931.0332641601562 827.0350341796875],0.768856942653656,IF12DLM,0.9957286336718557
270,2920,[493.2481384277344 630.660888671875 718.8970336914062 832.8978881835938],[551.5043334960938 713.5325927734375 607.9222412109375 729.956787109375],0.30041494965553284,G10MEB,0.5127350595202913
271,2919,[0.0 613.3257446289062 579.0743408203125 987.0223388671875],[25.273778915405273 777.3077392578125 186.39797973632812 820.685791015625],0.8690655827522278,J18UKN,0.15078289910693551
271,2917,[715.1435546875 619.2490234375 1050.861572265625 907.2265014648438],[816.6582641601562 790.7313232421875 931.6785278320312 827.1820068359375],0.7931256890296936,IF12DLM,0.9955606503474453
271,2920,[491.30157470703125 628.8114624023438 715.8665771484375 832.4738159179688],[555.078857421875 713.3319091796875 609.19287109375 728.564453125],0.3596315085887909,S70IEJ,0.5499863444612604
272,2919,[0.0 611.7620239257812 574.41552734375 988.6104736328125],[4.1850128173828125 779.67333984375 168.1589813232422 825.0470581054688],0.8474858999252319,JT78MKN,0.5491747363457696
272,2917,[716.5302734375 619.1029052734375 1052.7738037109375 907.520751953125],[817.125 790.942626953125 929.2963256835938 827.174072265625],0.7954697012901306,IF12DLM,0.974561424811592
272,2920,[490.170654296875 627.9945678710938 715.1182861328125 831.7925415039062],[540.095947265625 712.910400390625 603.9429931640625 731.6780395507812],0.3383699059486389,G10WEB,0.41210637616886175
273,2917,[715.93310546875 619.2677612304688 1054.6156005859375 908.0946655273438],[820.0263061523438 791.8474731445312 929.3743286132812 825.6353759765625],0.7661786675453186,IF12DLM,0.9887829118519128
273,2920,[488.3909606933594 626.94384765625 713.5746459960938 831.84228515625],[536.742431640625 711.9822387695312 603.2557983398438 731.3900146484375],0.24735818803310394,G10WEB,0.5526297991066859
274,2917,[716.4400024414062 618.4042358398438 1057.004638671875 907.907470703125],[820.0103759765625 790.5443115234375 934.5845947265625 827.004638671875],0.7845836877822876,IF12DLM,0.9987351788453633
274,2920,[482.3758850097656 625.9209594726562 713.5404052734375 832.034912109375],[536.0389404296875 711.379638671875 598.2181396484375 730.6810302734375],0.2897118628025055,JG10WEB,0.6519572987271971
275,2917,[715.61328125 616.7923583984375 1058.69287109375 909.6243896484375],[817.5507202148438 791.3527221679688 934.1636352539062 829.3837280273438],0.80176842212677,IF12DLM,0.9808046208161177
275,2920,[475.0419921875 624.5098266601562 712.2122192382812 833.31494140625],[526.897705078125 711.640380859375 595.396240234375 731.4854125976562],0.3234124481678009,G10WEB,0.5670438716344862
276,2917,[715.4119262695312 615.3493041992188 1058.7012939453125 910.8737182617188],[818.499755859375 791.3871459960938 935.3007202148438 831.0327758789062],0.7811399698257446,IF12DLM,0.9988526586760875
276,2920,[470.9510498046875 623.7213134765625 712.2074584960938 835.3831176757812],[526.3358154296875 711.5816650390625 594.2908935546875 730.7300415039062],0.5730404853820801,JG10WEB,0.5312358294097377
277,2917,[712.7094116210938 615.7035522460938 1057.53759765625 912.1331787109375],[817.8974609375 795.33349609375 932.6624755859375 831.1221923828125],0.8015928268432617,IF12DLM,0.9852645315751185
277,2920,[464.6882019042969 623.8235473632812 703.1328125 837.5841674804688],[514.0850830078125 711.5804443359375 593.7830200195312 736.0230102539062],0.7082076668739319,BG10WEB,0.17623118214872002
278,2917,[712.21484375 615.15625 1058.6553955078125 913.8551025390625],[815.8765869140625 791.5944213867188 935.2093505859375 836.8013305664062],0.28560811281204224,IF12DLM,0.8889622861151281
278,2920,[456.7357177734375 622.5997314453125 700.4496459960938 839.5183715820312],[508.60247802734375 713.5134887695312 585.6012573242188 732.8616943359375],0.5955271124839783,BG10WEB,0.5820852984971084
279,2920,[450.885009765625 621.120849609375 696.4357299804688 840.8651123046875],[505.8152160644531 712.5759887695312 583.0826416015625 731.7280883789062],0.6495975255966187,BG10WEB,0.4089933453870481
279,2917,[711.8948974609375 615.5108642578125 1059.2110595703125 914.724365234375],[816.2429809570312 790.39599609375 935.8401489257812 835.1566772460938],0.24753214418888092,IF12DLM,0.9973092779452414
280,2920,[446.0036315917969 621.001953125 694.7781982421875 842.5196533203125],[504.4688415527344 712.6796264648438 583.1768798828125 745.0376586914062],0.14863431453704834,BG10WEB,0.4628683679675047
280,2917,[711.5745849609375 616.2097778320312 1060.9464111328125 915.29833984375],[822.8926391601562 792.7369384765625 938.8676147460938 828.2191162109375],0.6186083555221558,IF12DLM,0.940514314595388
281,2917,[711.6856079101562 616.4977416992188 1062.3927001953125 915.5633544921875],[822.7369995117188 792.3626708984375 939.5831909179688 833.42041015625],0.8328828811645508,IF12DLM,0.9998581126463484
281,2920,[433.5690002441406 619.6432495117188 701.4575805664062 841.9348754882812],[491.3447265625 712.5069580078125 573.7748413085938 740.20556640625],0.7336425185203552,BG10WEB,0.6208373865849244
282,2920,[428.1408996582031 619.217041015625 704.2047729492188 844.9498901367188],[488.40618896484375 711.920654296875 574.5598754882812 742.7252197265625],0.8184493184089661,B63WEB,0.32622656256013544
282,2917,[711.9736328125 616.6907958984375 1063.059326171875 915.5983276367188],[823.6104125976562 792.6580810546875 939.7598876953125 834.1549072265625],0.7965342998504639,IF12DLM,0.9998453609398925
283,2917,[711.1444091796875 616.1766967773438 1064.0557861328125 917.2418823242188],[819.77197265625 794.3447265625 940.795166015625 834.1063232421875],0.7659508585929871,IF12DLM,0.9997926863733791
283,2920,[424.2060546875 618.4189453125 702.6251220703125 847.2297973632812],[483.56402587890625 713.6900024414062 574.893798828125 740.624755859375],0.7476841807365417,BG10WEB,0.48156594792055524
284,2917,[711.2052612304688 616.040771484375 1065.7430419921875 917.8229370117188],[821.5720825195312 793.0186767578125 943.4818725585938 835.9849853515625],0.8117296099662781,F12DLM,0.8896162261543221
284,2920,[421.0119323730469 619.150390625 705.3696899414062 848.20556640625],[478.76495361328125 714.04541015625 557.149658203125 740.19873046875],0.7878645062446594,B61OWE,0.8182366834933181
285,2917,[711.1884155273438 616.2360229492188 1067.2158203125 918.4068603515625],[820.44580078125 793.3887939453125 942.4275512695312 834.8314208984375],0.8388871550559998,IF12DLM,0.9799656596662703
285,2920,[422.3763427734375 619.3658447265625 709.9044189453125 844.1942749023438],[478.7022705078125 713.8326416015625 559.3004760742188 739.2138671875],0.7993372678756714,BG10WEE,0.6872618367259133
286,2920,[416.5606994628906 619.7197265625 711.4664916992188 846.9752807617188],[474.73321533203125 714.1510620117188 553.3806762695312 740.4929809570312],0.8514893054962158,BG10WEE,0.31839753833205964
286,2917,[710.2254028320312 616.5580444335938 1069.7607421875 918.9759521484375],[820.4456176757812 795.6214599609375 943.2636108398438 834.5947265625],0.8391636610031128,IF12DLM,0.9963403441274822
287,2920,[407.747802734375 618.8059692382812 713.0413208007812 850.1201782226562],[464.4505920410156 712.76025390625 557.5955810546875 741.8656005859375],0.8674497008323669,BG10WEB,0.5984177542977601
287,2917,[709.3574829101562 615.8883056640625 1070.590087890625 920.3882446289062],[821.048095703125 797.3311767578125 943.562744140625 831.65087890625],0.7153958678245544,IF12DLM,0.9357387221483746
288,2920,[405.37994384765625 618.4984130859375 711.3736572265625 851.5238647460938],[463.760009765625 713.5093994140625 555.229248046875 742.3203125],0.8490700125694275,BG10WEB,0.4697455304812586
288,2917,[708.4839477539062 615.6615600585938 1071.8626708984375 920.8590087890625],[822.725341796875 796.6148071289062 945.37158203125 830.6625366210938],0.7382758259773254,IF12DLM,0.9993376381381064
289,2917,[708.457763671875 613.4684448242188 1072.8974609375 921.5637817382812],[826.1903686523438 796.02392578125 945.0122680664062 830.8428955078125],0.7612390518188477,IF12DLM,0.9785480176268863
290,2920,[391.1766662597656 616.3358154296875 710.3297729492188 856.3804321289062],[453.58416748046875 712.7462158203125 549.787109375 741.8564453125],0.7888507843017578,BG10WEB,0.5803253065913743
290,2917,[707.831298828125 612.3988037109375 1074.8297119140625 921.8255615234375],[827.3644409179688 796.5298461914062 942.3132934570312 828.6289672851562],0.7417922616004944,IF12DLM,0.9953338154726875
291,2920,[386.74810791015625 615.4141235351562 709.6404418945312 859.1655883789062],[452.2020263671875 711.9490966796875 547.5760498046875 743.1519775390625],0.8351756930351257,BG10WEB,0.44717069880422616
291,2917,[707.9104614257812 612.195556640625 1075.895751953125 921.8695678710938],[826.472900390625 797.1844482421875 942.334716796875 828.983642578125],0.6958562135696411,IF12DLM,0.9907453683299314
292,2920,[367.704345703125 613.1328125 707.9609375 861.3639526367188],[447.12890625 712.126708984375 544.9617919921875 743.961669921875],0.8682757019996643,BG10WEB,0.7882630336086434
292,2917,[708.7734985351562 610.8998413085938 1076.510009765625 922.5482788085938],[828.4464111328125 796.6675415039062 945.9993896484375 828.9105834960938],0.7980486154556274,FF12DLM,0.9684736658724208
293,2920,[356.1649169921875 612.0715942382812 706.6229248046875 864.1012573242188],[439.2642517089844 711.5909423828125 538.3572998046875 746.2486572265625],0.8823985457420349,BG10WEB,0.7223536763686199
293,2917,[709.01611328125 610.5294189453125 1079.66064453125 923.6835327148438],[826.9363403320312 794.4120483398438 951.1470336914062 832.87060546875],0.8548996448516846,F12DLM,0.9993017199114642
294,2920,[352.4538879394531 610.7144775390625 704.436279296875 865.7490234375],[437.3916320800781 712.0072021484375 538.8180541992188 746.4229736328125],0.8711532354354858,BG10WEB,0.6441520511429876
294,2917,[710.1760864257812 611.1329956054688 1081.1656494140625 923.596923828125],[828.1104125976562 794.0659790039062 951.3660278320312 833.2824096679688],0.8196234703063965,FF12DLM,0.9828262162943564
295,2917,[710.859619140625 610.7816772460938 1083.2713623046875 924.7772216796875],[828.038818359375 796.76220703125 951.4447631835938 832.39013671875],0.9130470752716064,IF12DLM,0.7857991453005813
295,2920,[344.58489990234375 609.7395629882812 702.901611328125 868.67333984375],[434.2378234863281 712.2035522460938 536.3212890625 747.3067016601562],0.8229799270629883,BG10WEB,0.7153517026556058
296,2917,[710.5930786132812 610.408203125 1084.2646484375 925.02392578125],[829.6594848632812 798.8558349609375 949.2504272460938 832.50439453125],0.8998537063598633,IF12DLM,0.6666300847634652
296,2920,[339.9746398925781 610.2805786132812 702.418701171875 870.8197021484375],[431.09197998046875 715.5950317382812 527.970458984375 745.9443359375],0.8478317260742188,BG10WEB,0.7814466793326944
297,2917,[710.4862670898438 610.60107421875 1086.093994140625 924.737548828125],[830.7713012695312 799.3516845703125 951.2623901367188 833.8084716796875],0.9057797193527222,IF12DLM,0.9822132268107111
297,2920,[338.20654296875 610.995361328125 702.7901611328125 871.7060546875],[429.9947204589844 715.10302734375 527.2115478515625 746.2296142578125],0.8418583869934082,BG10WEB,0.7685581987716351
298,2917,[710.3329467773438 610.7442016601562 1087.020751953125 925.7714233398438],[830.8566284179688 798.2962646484375 952.1048583984375 835.216552734375],0.9279093742370605,IF12DLM,0.9985647409957609
298,2920,[329.5097351074219 609.681640625 699.5191650390625 873.986328125],[421.1326904296875 715.0167846679688 524.9540405273438 748.546142578125],0.8314259648323059,B60WEB,0.7959467441589074
299,2917,[710.3460693359375 609.8795776367188 1087.918701171875 926.3079223632812],[832.9143676757812 803.2109985351562 954.4312133789062 834.94189453125],0.9566163420677185,IF12DLM,0.9204175656277942
299,2920,[314.76251220703125 610.4241943359375 693.7783203125 876.9899291992188],[415.3206481933594 716.27294921875 518.55029296875 749.285400390625],0.8380351662635803,B60WEB,0.7370173100652229
300,2917,[710.4411010742188 609.2985229492188 1088.75048828125 926.8870849609375],[832.4896240234375 803.7264404296875 955.2735595703125 835.783447265625],0.9545506238937378,IF12DLM,0.9918500930993691
300,2920,[308.8330383300781 609.7587890625 691.513671875 879.5136108398438],[413.5135803222656 716.6908569335938 519.100341796875 751.2095947265625],0.8361862301826477,BG10WEB,0.8172038864821324
301,2917,[710.226806640625 609.0955810546875 1090.2232666015625 928.3305053710938],[830.9148559570312 803.4537963867188 958.3357543945312 837.2986450195312],0.932098388671875,IF12DLM,0.9911411985582562
301,2920,[302.41632080078125 609.644775390625 689.0840454101562 881.0009765625],[409.62579345703125 720.6654663085938 514.52099609375 751.937255859375],0.7994217872619629,B60WEB,0.7611254511918293
302,2917,[710.3662109375 610.111083984375 1094.203125 929.5602416992188],[830.5112915039062 802.9708251953125 960.2444458007812 839.7852783203125],0.9491298794746399,IF12DLM,0.9734417404955187
302,2920,[300.739013671875 609.5499877929688 685.9474487304688 882.1503295898438],[404.07147216796875 725.0499267578125 508.20208740234375 763.9528198242188],0.12000802159309387,BG10WEB,0.863981622965991
303,2917,[710.7985229492188 609.3851928710938 1096.485595703125 929.981689453125],[831.9109497070312 803.0997314453125 960.9505004882812 839.0333251953125],0.9390702843666077,IF12DLM,0.8370548539633237
303,2920,[299.4065246582031 609.9524536132812 684.7305297851562 883.0973510742188],[401.9891052246094 724.6781616210938 504.96826171875 764.2474365234375],0.14803647994995117,B61WEB,0.9617893994278844
304,2917,[711.0994873046875 609.1422729492188 1097.1981201171875 931.2360229492188],[832.79833984375 802.8030395507812 961.167724609375 837.9812622070312],0.9439267516136169,FF12DLM,0.9745010260535689
304,2920,[296.37542724609375 609.2883911132812 686.7108154296875 885.477783203125],[394.6922607421875 723.702880859375 501.54949951171875 763.9345703125],0.12626901268959045,BG10WEB,0.7458604176296753
305,2917,[711.5254516601562 609.1209716796875 1099.6290283203125 933.1640625],[834.55810546875 801.3685302734375 963.8624267578125 840.650146484375],0.8981846570968628,IF12DLM,0.9205681091509917
305,2920,[289.1643371582031 608.3276977539062 685.1676025390625 889.0568237304688],[388.4350891113281 722.0506591796875 496.1748046875 754.3631591796875],0.7767497897148132,B61IEB,0.8035153480914142
306,2917,[711.4515991210938 609.4991455078125 1100.53173828125 933.700439453125],[834.3180541992188 803.1293334960938 963.8336791992188 842.3507080078125],0.9189289212226868,IF12DLM,0.9830382767614984
306,2920,[282.81475830078125 609.1112060546875 684.5013427734375 890.6951293945312],[384.91168212890625 725.096923828125 488.78778076171875 765.311279296875],0.11523519456386566,BG10WEB,0.6900785316415521
307,2917,[711.2413940429688 608.9608154296875 1102.64599609375 934.2964477539062],[835.9469604492188 804.2852783203125 963.440185546875 842.926025390625],0.8812040686607361,IF12DLM,0.8549658904461281
307,2920,[275.8396911621094 608.9696044921875 681.4071655273438 891.2423095703125],[381.3736572265625 724.2012939453125 491.49346923828125 755.5888671875],0.8686835765838623,BG10WEB,0.6937779607914134
308,2917,[712.247802734375 609.7296142578125 1105.01025390625 935.3822631835938],[834.262451171875 804.7586059570312 970.01025390625 841.6093139648438],0.9121511578559875,IF12DLM,0.9833836393217137
308,2920,[270.0900573730469 607.9719848632812 680.4906616210938 893.099365234375],[372.10150146484375 723.4473876953125 486.1068420410156 756.2088623046875],0.8554374575614929,BG10WEB,0.8144907011892352
309,2917,[713.4140625 609.2454223632812 1106.0284423828125 936.0827026367188],[834.55078125 802.890625 968.4263305664062 841.840087890625],0.8979580998420715,IF12DLM,0.9992431322103396
309,2920,[265.8399963378906 607.3851928710938 680.2886962890625 895.2244873046875],[367.45819091796875 728.765625 466.26385498046875 758.8765869140625],0.21782612800598145,B61OWE,0.5697509749419766
310,2917,[713.3059692382812 609.4144897460938 1107.747314453125 936.9542236328125],[836.7938232421875 804.1023559570312 968.8916015625 845.2589721679688],0.8912180066108704,IF12DLM,0.9981306566246978
310,2920,[263.3150634765625 606.353759765625 676.4933471679688 897.644775390625],[368.6358642578125 726.19384765625 474.6114807128906 756.6072998046875],0.7998784780502319,B61WEB,0.9637809163397671
311,2920,[258.7132568359375 606.3549194335938 670.0645751953125 901.206787109375],[354.6651611328125 724.56787109375 473.7266845703125 770.2564697265625],0.12124906480312347,B61WEB,0.9646541157989273
311,2917,[714.5493774414062 608.5654907226562 1109.901123046875 938.7794189453125],[839.2941284179688 805.5157470703125 970.3866577148438 844.2103271484375],0.8777183294296265,IF12DLM,0.9997092793887197
312,2920,[254.56117248535156 606.5759887695312 672.8230590820312 904.5428466796875],[357.71295166015625 730.7962036132812 471.35235595703125 761.438232421875],0.9329522252082825,BG10WEB,0.734735149725098
312,2917,[715.2299194335938 610.1875610351562 1110.2532958984375 938.76611328125],[837.4879760742188 804.4493408203125 972.4348754882812 844.8438720703125],0.8324823379516602,IF12DLM,0.8806327470931881
313,2920,[251.748779296875 606.4581909179688 675.0210571289062 908.0490112304688],[352.8010559082031 730.611328125 469.75067138671875 762.0904541015625],0.9545049071311951,BG10WEB,0.8014611893665616
313,2917,[717.3019409179688 610.9320068359375 1111.2008056640625 942.358154296875],[840.368408203125 805.0059814453125 976.619384765625 848.4188232421875],0.8308444023132324,IF12DLM,0.9943436145823701
314,2920,[244.09129333496094 605.9254150390625 676.2421264648438 912.6331787109375],[345.912841796875 730.6378173828125 462.5219421386719 765.6365966796875],0.9426382780075073,BG10WEB,0.6761144600451228
314,2917,[716.87158203125 610.0864868164062 1113.7498779296875 946.0921020507812],[841.4937744140625 806.5131225585938 973.0096435546875 848.7046508789062],0.77241450548172,IF12DLM,0.997648579784492
315,2920,[240.4125213623047 605.8113403320312 676.4910278320312 915.0860595703125],[344.983642578125 731.7505493164062 462.5664367675781 764.60302734375],0.9368181824684143,BG10WEB,0.8359649954344971
315,2917,[716.2730102539062 609.1634521484375 1116.1380615234375 947.0335693359375],[841.8532104492188 806.9511108398438 975.0741577148438 849.8098754882812],0.7915202975273132,IF12DLM,0.9997530784744086
316,2920,[233.36741638183594 603.89892578125 675.6392822265625 917.123779296875],[337.19757080078125 734.0216064453125 458.5498046875 769.0157470703125],0.8836168050765991,BG10WEB,0.6997460151253112
316,2917,[716.5897827148438 610.354736328125 1117.9150390625 948.53857421875],[842.29248046875 806.6105346679688 971.68798828125 848.0359497070312],0.701783299446106,IF12DLM,0.9998417111485205
317,2920,[222.51382446289062 602.9300537109375 674.971435546875 921.3638916015625],[327.6645202636719 734.199462890625 450.3101806640625 768.8646240234375],0.9420079588890076,B61WEB,0.9056550701798336
317,2917,[717.03857421875 611.0773315429688 1119.8758544921875 949.44970703125],[847.4298706054688 808.374755859375 983.4102172851562 853.21728515625],0.8380545973777771,IF12DLM,0.9935160507768597
318,2920,[213.97727966308594 601.8267211914062 675.0593872070312 924.7177734375],[324.7732238769531 733.9727783203125 453.92340087890625 772.3216552734375],0.9223430752754211,BG10WEB,0.8641757037876197
318,2917,[717.7286376953125 611.2542114257812 1121.598876953125 949.4718017578125],[848.6385498046875 808.9938354492188 982.0096435546875 853.7048950195312],0.7538476586341858,IF12DLM,0.9289985497785592
319,2920,[203.84922790527344 601.3563232421875 673.6268920898438 929.9619750976562],[319.31829833984375 734.3287353515625 444.900146484375 772.4146728515625],0.904479444026947,B61WEB,0.9137254886037656
319,2917,[718.1787109375 612.3710327148438 1122.7354736328125 951.096435546875],[845.0513305664062 810.2764892578125 981.4359741210938 855.1552734375],0.7956061363220215,IF12DLM,0.9900533664057695
320,2920,[197.98947143554688 602.128173828125 672.7825317382812 934.0521240234375],[311.35986328125 733.985595703125 442.928466796875 776.1917724609375],0.824866771697998,BG10WEB,0.933909195085702
320,2917,[719.9942626953125 613.5234985351562 1125.6329345703125 953.5699462890625],[848.6134643554688 816.3870849609375 982.0581665039062 854.3873291015625],0.8119550347328186,IF12DLM,0.9726003404256836
321,2920,[193.65122985839844 601.5467529296875 666.9122314453125 937.9136352539062],[309.40167236328125 735.4110107421875 438.3245544433594 775.13916015625],0.8554995656013489,BG10WEB,0.8778312935424158
321,2917,[720.6599731445312 613.8094482421875 1126.5218505859375 954.4097290039062],[848.6824951171875 816.77783203125 983.4451904296875 854.277099609375],0.8163058757781982,IF12DLM,0.9982265490282781
322,2920,[191.414794921875 600.680419921875 668.9579467773438 940.29931640625],[302.7486877441406 735.6427001953125 433.5836181640625 778.1422119140625],0.8713163733482361,BG10WEB,0.8672423356754643
322,2917,[720.9510498046875 613.3839721679688 1129.160400390625 955.3773193359375],[849.0990600585938 815.47998046875 988.0911254882812 855.2858276367188],0.7222715020179749,IF12DLM,0.9072042081860543
323,2917,[722.4585571289062 612.1182250976562 1131.8067626953125 957.2559204101562],[851.9649658203125 816.63134765625 991.417724609375 856.594482421875],0.874177873134613,IF12DLM,0.9449729163720827
323,2920,[182.70635986328125 600.3616943359375 669.5974731445312 945.3217163085938],[295.59649658203125 737.9388427734375 430.849853515625 780.359619140625],0.8162447810173035,BG10WEB,0.8340377679126407
324,2917,[722.9918823242188 611.6544799804688 1133.9141845703125 959.0342407226562],[854.1793212890625 818.9939575195312 987.83935546875 856.5584106445312],0.7745377421379089,F12DLM,0.7755547049698727
324,2920,[177.3896026611328 600.336181640625 669.6478881835938 948.2730712890625],[294.26531982421875 739.384765625 423.36572265625 779.3172607421875],0.7454313635826111,BG10WEB,0.7278830175165312
325,2920,[169.2783203125 600.5540771484375 669.1666259765625 949.5906372070312],[285.093994140625 741.6593627929688 418.39410400390625 777.6502075195312],0.8174888491630554,B61WEB,0.9857370943430412
325,2917,[723.3130493164062 611.5199584960938 1134.6072998046875 959.9612426757812],[856.06494140625 820.266357421875 990.8177490234375 856.11181640625],0.660733699798584,IF12DLM,0.9584614233376018
326,2917,[724.6945190429688 613.0463256835938 1137.75 960.726806640625],[856.91748046875 819.8587646484375 989.408203125 856.5849609375],0.790867269039154,F12DLM,0.8033773227932886
326,2920,[161.413818359375 598.1363525390625 667.561279296875 951.1926879882812],[276.51666259765625 743.8597412109375 414.0601806640625 780.5042724609375],0.7851922512054443,BG10WEB,0.8773331231281013
327,2917,[725.9122924804688 613.7638549804688 1140.1578369140625 961.54150390625],[856.46484375 817.9449462890625 992.4224853515625 857.4472045898438],0.836706280708313,IF12DLM,0.9937474901339008
327,2920,[155.61831665039062 596.9754028320312 666.4899291992188 952.3776245117188],[274.3184814453125 743.824951171875 405.9991455078125 779.5074462890625],0.7442955374717712,BG10WEB,0.8612135998517441
328,2917,[726.6799926757812 613.19189453125 1142.869384765625 961.9332885742188],[859.6439208984375 819.4879760742188 996.3255615234375 859.4716186523438],0.8686876893043518,IF12DLM,0.956869210151778
328,2920,[149.6441192626953 594.8208618164062 667.9566650390625 954.5972900390625],[263.990966796875 743.84521484375 404.0498046875 788.2451171875],0.20070414245128632,BG10WEB,0.824738956021094
329,2917,[726.6996459960938 613.5773315429688 1145.304931640625 962.548583984375],[858.4486083984375 823.3676147460938 996.432861328125 858.8303833007812],0.8827874064445496,IF12DLM,0.9995352485045593
329,2920,[140.0218505859375 595.5047607421875 664.9710083007812 959.7314453125],[255.2017822265625 746.6312255859375 396.66156005859375 782.2245483398438],0.8621530532836914,BG10WEB,0.8859677134566918
330,2917,[726.2197265625 613.4468994140625 1145.83740234375 962.8292236328125],[857.9820556640625 823.1097412109375 996.2276000976562 859.353271484375],0.9087281823158264,IF12DLM,0.9765393519580511
330,2920,[133.6234130859375 595.4100341796875 663.7662353515625 962.9439086914062],[251.65846252441406 747.0303955078125 393.54241943359375 783.4751586914062],0.846473753452301,BG10WEB,0.8170539811379857
331,2917,[726.3567504882812 613.2390747070312 1147.59912109375 963.1664428710938],[858.7893676757812 824.520751953125 997.7993774414062 859.1468505859375],0.9160259962081909,IF12DLM,0.9998645110093094
331,2920,[127.3956298828125 594.4786376953125 660.8125610351562 966.5526123046875],[248.34182739257812 747.4541015625 384.15142822265625 784.4879150390625],0.853432834148407,BG10WEB,0.7374900502116084
332,2917,[726.7608032226562 612.9330444335938 1148.9793701171875 963.796142578125],[857.1227416992188 821.3990478515625 1002.9508666992188 862.5999755859375],0.9173794984817505,IF12DLM,0.9722736421824515
332,2920,[118.88653564453125 593.9398803710938 659.5792846679688 969.8331298828125],[232.97776794433594 748.2650756835938 377.18511962890625 787.0541381835938],0.8743159770965576,B61WEB,0.9887969739851632
333,2917,[726.497314453125 612.1724243164062 1149.942626953125 964.1688232421875],[856.9698486328125 821.34375 1003.3392333984375 863.9212646484375],0.9062389135360718,IF12DLM,0.9929383215192558
333,2920,[113.09794616699219 593.1636962890625 657.7807006835938 971.8748779296875],[229.1322784423828 748.0039672851562 374.8349609375 788.0870361328125],0.9043661952018738,B61WEB,0.9817972959326674
334,2917,[726.3626098632812 609.9445190429688 1150.3360595703125 964.862060546875],[858.364013671875 825.1881103515625 999.5621337890625 861.9146728515625],0.8984368443489075,IF12DLM,0.9383231631523324
334,2920,[102.6413803100586 593.7265625 657.7237548828125 973.5753173828125],[223.62648010253906 748.9132690429688 369.333740234375 789.7534790039062],0.8908156752586365,BG10WEB,0.7629079319935719
335,2920,[92.41442108154297 593.5009155273438 656.6925659179688 976.632568359375],[212.98329162597656 751.664306640625 358.57305908203125 790.4874267578125],0.9173017740249634,BG10WEB,0.7364657576153584
335,2917,[725.8341064453125 609.2968139648438 1152.4461669921875 966.2903442382812],[859.4033203125 827.345703125 998.4299926757812 862.552490234375],0.8801672458648682,IF12DLM,0.9446586753738319
336,2920,[85.84701538085938 593.5831298828125 655.1682739257812 979.2257690429688],[204.2377166748047 750.359619140625 354.45184326171875 793.3584594726562],0.9146262407302856,BG10WEB,0.7121090490589965
336,2917,[725.4193725585938 609.4265747070312 1153.1336669921875 967.0374145507812],[860.646240234375 826.6968383789062 1005.9380493164062 864.1353149414062],0.8956350088119507,IF12DLM,0.9983984446091696
337,2920,[75.7522201538086 592.7893676757812 653.824462890625 981.5352172851562],[198.51583862304688 751.8345336914062 350.1787109375 793.9081420898438],0.9202860593795776,B61WEB,0.9548395540703501
337,2917,[726.0272827148438 610.2406616210938 1153.9437255859375 968.1049194335938],[860.4730224609375 825.4649658203125 1008.1519775390625 864.6439208984375],0.8786736726760864,IF12DLM,0.9997849360621412
338,2920,[63.00819778442383 589.5180053710938 650.9263916015625 987.3075561523438],[183.39926147460938 753.3095703125 341.1788635253906 794.616455078125],0.9330816864967346,BG10WEB,0.7566638154836102
338,2917,[725.5769653320312 608.7595825195312 1154.8692626953125 969.1280517578125],[858.4421997070312 826.102783203125 1009.4998168945312 866.5947265625],0.9040262699127197,IF12DLM,0.9999232221311131
339,2920,[56.264034271240234 588.0906982421875 650.3070068359375 989.7410278320312],[179.39561462402344 754.0090942382812 336.1385498046875 795.6091918945312],0.9272627830505371,BG10WEB,0.6216766966354969
339,2917,[725.3345947265625 608.1953125 1155.3802490234375 969.7691040039062],[858.0507202148438 826.4349975585938 1009.3853759765625 866.6837768554688],0.9062210321426392,IF12DLM,0.9998547782829459
340,2920,[48.0956916809082 586.5225830078125 648.4865112304688 991.8048095703125],[173.38134765625 754.7437133789062 327.9962463378906 795.8076782226562],0.9223949909210205,BG10WEB,0.8891264212544471
340,2917,[725.6553344726562 607.3091430664062 1155.7884521484375 970.95654296875],[860.2890014648438 828.434326171875 1010.6434936523438 867.0574951171875],0.8985569477081299,IF12DLM,0.821340026382503
341,2920,[32.71005630493164 586.2861938476562 645.8548583984375 995.2464599609375],[159.27223205566406 755.52978515625 319.92462158203125 798.620361328125],0.9319484829902649,B61WEB,0.9742528767865399
341,2917,[726.9326782226562 607.63671875 1157.7156982421875 972.7093505859375],[859.7060546875 828.495849609375 1011.5535888671875 869.170166015625],0.872373104095459,IF12DLM,0.9999098398781877
342,2920,[22.135190963745117 586.0355224609375 642.9693603515625 998.1010131835938],[157.48915100097656 755.9644775390625 317.2012023925781 799.0021362304688],0.9460038542747498,BG10WEB,0.9038448367154777
342,2917,[726.193603515625 606.9528198242188 1157.8828125 973.0594482421875],[859.15087890625 828.2203369140625 1010.8431396484375 868.6224365234375],0.8674216270446777,F12DLM,0.9782040699514847
343,2920,[16.51752471923828 585.049560546875 640.2561645507812 1000.128662109375],[149.54229736328125 756.3658447265625 307.02142333984375 798.6062622070312],0.9372576475143433,B61WEB,0.9695547436299379
343,2917,[725.874755859375 606.8656005859375 1157.963134765625 973.7771606445312],[858.9900512695312 828.4896240234375 1008.2074584960938 868.0405883789062],0.8645735383033752,IF12DLM,0.9993293458879783
344,2920,[3.890453338623047 583.1830444335938 636.0320434570312 1005.7316284179688],[130.7568817138672 755.0888671875 300.3760070800781 805.5487060546875],0.9027542471885681,J61OEB,0.34913152746153214
344,2917,[724.1117553710938 608.3409423828125 1159.0859375 975.3877563476562],[857.4920654296875 827.3985595703125 1011.21533203125 869.744140625],0.8982509970664978,IF12DLM,0.9974185613299883
345,2920,[0.0 581.9541625976562 634.26220703125 1008.6744384765625],[130.01185607910156 755.7332153320312 294.83404541015625 805.9132690429688],0.890755295753479,B61WEB,0.33074266456634555
345,2917,[723.1591796875 608.4176025390625 1160.063720703125 977.2494506835938],[857.82958984375 827.5178833007812 1010.91552734375 869.9183349609375],0.8884820938110352,IF12DLM,0.9973728351739121
346,2917,[722.5922241210938 607.9684448242188 1161.425048828125 978.4089965820312],[857.1344604492188 827.234619140625 1011.5850219726562 869.5821533203125],0.8928003311157227,IF12DLM,0.9948221383937035
346,2920,[0.0 580.2854614257812 631.6627197265625 1010.4135131835938],[124.34152221679688 756.8759765625 288.09234619140625 803.8126831054688],0.8829419612884521,G10WEB,0.6233884562201055
347,2917,[721.6213989257812 607.0223388671875 1161.8702392578125 979.692626953125],[857.1956787109375 827.033935546875 1011.8238525390625 872.064697265625],0.8632903695106506,IF12DLM,0.7236609402998729
347,2920,[0.0 578.55224609375 625.9133911132812 1009.0800170898438],[113.8915786743164 760.3828125 275.005859375 798.6317138671875],0.2373908907175064,G10WEB,0.6774186595459143
348,2917,[720.640869140625 606.4221801757812 1161.421875 981.5216064453125],[857.219970703125 826.92919921875 1011.6806030273438 871.361572265625],0.8651637434959412,IF12DLM,0.9960416998508883
349,2917,[720.0927124023438 606.9375610351562 1162.781982421875 979.9472045898438],[857.1557006835938 827.222900390625 1011.5527954101562 873.98583984375],0.8083904385566711,IF12DLM,0.9824785359309638
402,2950,[1095.7525634765625 641.4888305664062 1346.983642578125 824.9891357421875],[1209.625732421875 701.1427001953125 1278.489501953125 725.91064453125],0.6410113573074341,SV19FPI,0.3147297617479983
406,2950,[1097.9517822265625 639.0050659179688 1358.51318359375 825.4724731445312],[1212.627685546875 702.11865234375 1288.1513671875 725.11083984375],0.4249016344547272,SV14FPI,0.20233176727305535
408,2950,[1097.4736328125 636.9552612304688 1359.5517578125 824.9813842773438],[1192.110107421875 701.541015625 1291.359130859375 735.616943359375],0.1694488227367401,SV10FPI,0.8756733684688363
409,2950,[1096.375732421875 636.866943359375 1362.9267578125 825.24755859375],[1192.6435546875 704.2310791015625 1290.807861328125 737.238037109375],0.16452249884605408,SV10FPI,0.30767949329351907
413,2950,[1096.9656982421875 633.9107666015625 1369.9598388671875 825.2589111328125],[1220.856689453125 695.60546875 1300.6085205078125 724.1851196289062],0.36562642455101013,SV10FPI,0.3085121910560724
414,2950,[1098.2608642578125 633.3543090820312 1370.9932861328125 825.3528442382812],[1219.89501953125 695.864501953125 1301.780517578125 725.0233154296875],0.519944429397583,SV10FPI,0.5494144493978539
415,2950,[1099.556884765625 633.0247802734375 1370.8446044921875 825.336181640625],[1222.793212890625 696.9324951171875 1300.3603515625 724.9415283203125],0.42295658588409424,SV81FPI,0.09437356997743038
416,2950,[1098.1728515625 631.3713989257812 1369.1636962890625 825.1285400390625],[1229.117431640625 696.8392944335938 1299.7294921875 724.1661376953125],0.3597210943698883,SV18FPI,0.35529463912732884
427,2950,[1103.5169677734375 629.2296142578125 1384.0853271484375 830.3052368164062],[1227.9378662109375 697.8705444335938 1307.91015625 725.5001831054688],0.478055864572525,SV18FPL,0.39068865759964405
428,2950,[1104.05810546875 629.480224609375 1386.5596923828125 832.2737426757812],[1229.120849609375 699.4366455078125 1306.894287109375 725.0469970703125],0.5172553658485413,SV18FPL,0.23075497698859543
429,2950,[1106.9285888671875 629.6768188476562 1388.0341796875 833.7899780273438],[1230.9443359375 700.5133056640625 1308.35498046875 725.3690185546875],0.5483605265617371,SV18FPI,0.49541140698763797
430,2950,[1109.691162109375 630.199951171875 1387.8421630859375 835.529296875],[1231.615234375 700.5928955078125 1306.33935546875 725.8404541015625],0.6305510401725769,SV18FPL,0.9800364941591685
432,2950,[1110.3741455078125 631.3697509765625 1389.989990234375 839.2740478515625],[1229.0709228515625 702.341796875 1308.229248046875 727.866455078125],0.462142676115036,SV18FPI,0.8376552602400174
433,2950,[1110.87255859375 631.8268432617188 1389.8826904296875 840.6133422851562],[1232.4373779296875 703.679443359375 1307.0216064453125 727.5015869140625],0.31030115485191345,SV10FPI,0.27251838352726804
434,2950,[1110.8157958984375 632.3099365234375 1390.2911376953125 841.8239135742188],[1230.7547607421875 704.5123291015625 1310.51171875 730.691650390625],0.44388774037361145,SV18FPI,0.816803253379468
435,2950,[1108.130615234375 632.5615844726562 1391.2144775390625 842.3651733398438],[1230.716064453125 704.3232421875 1311.06396484375 730.471435546875],0.4853680431842804,SV18FPL,0.556584042278303
436,2950,[1108.0810546875 632.811767578125 1390.6702880859375 842.3697509765625],[1228.27490234375 702.0377197265625 1311.06494140625 730.0526733398438],0.5203390121459961,SV18FPL,0.8888024573221842
437,2950,[1107.156494140625 632.3828125 1391.82275390625 843.1779174804688],[1231.2117919921875 702.3704833984375 1310.5491943359375 729.44873046875],0.5143332481384277,SV18FPI,0.39189094614032405
438,2950,[1107.9715576171875 631.86962890625 1392.168212890625 843.435791015625],[1232.369384765625 703.6828002929688 1310.14501953125 729.7999267578125],0.5149816274642944,SV18FPI,0.8493506828708894
439,2950,[1107.931640625 631.24169921875 1392.6171875 844.7432250976562],[1234.92333984375 703.077392578125 1310.9212646484375 729.8168334960938],0.3966648578643799,SV38FPL,0.7597328491089893
441,2950,[1108.0264892578125 630.9302368164062 1395.5794677734375 845.9097290039062],[1231.1142578125 702.4078979492188 1311.4642333984375 730.1814575195312],0.4529864490032196,SV18FPL,0.6095488929440492
442,2950,[1109.1185302734375 630.4677734375 1396.1864013671875 846.5758056640625],[1233.766845703125 702.123779296875 1314.36328125 729.3782958984375],0.5590594410896301,SV18FPL,0.8372709825170024
443,2950,[1110.31884765625 630.205810546875 1397.2603759765625 847.4645385742188],[1233.5606689453125 701.693603515625 1314.465576171875 728.1021118164062],0.6902316808700562,SV18FPL,0.577269820778556
444,2950,[1110.9085693359375 630.3946533203125 1399.814208984375 848.88037109375],[1236.468017578125 703.7965087890625 1313.99609375 728.345703125],0.5391201972961426,SV18FPL,0.9409872893154096
448,2950,[1114.293212890625 629.3472290039062 1406.2979736328125 850.336669921875],[1231.3316650390625 697.5548095703125 1326.666259765625 729.208251953125],0.8001478314399719,SV18FPI,0.23595466673051538
453,2950,[1114.8280029296875 625.054931640625 1414.0753173828125 851.513427734375],[1238.224853515625 699.5809326171875 1324.763427734375 725.565185546875],0.6603411436080933,SV18FPI,0.5587104072134662
454,2950,[1116.39794921875 623.5791015625 1415.8515625 850.9232788085938],[1239.3447265625 697.9776611328125 1329.566650390625 725.9488525390625],0.730254590511322,SV18FPL,0.4520838506163184
455,2950,[1116.8406982421875 623.0191040039062 1419.061767578125 851.4381713867188],[1246.694580078125 698.4830322265625 1334.8935546875 726.6956787109375],0.6734365224838257,SV18FPL,0.7332831885150768
457,2950,[1117.6234130859375 622.169189453125 1422.3829345703125 851.9056396484375],[1250.9326171875 697.7538452148438 1336.8870849609375 726.30859375],0.7590246796607971,SV18FPI,0.6376277501388897
458,2950,[1119.530517578125 621.2581787109375 1425.9530029296875 852.3380126953125],[1251.22998046875 697.9200439453125 1337.6715087890625 726.250244140625],0.7396605014801025,SV18FPI,0.8944825492401788
459,2950,[1120.890869140625 620.64892578125 1427.9888916015625 852.6549072265625],[1251.3095703125 697.413330078125 1338.4805908203125 726.8422241210938],0.6895577907562256,SV18FPI,0.9758707104580435
460,2950,[1122.3123779296875 620.3803100585938 1431.162353515625 853.0558471679688],[1253.5068359375 697.33837890625 1341.178955078125 725.9031372070312],0.7293918132781982,SV18FPI,0.9763640436906593
461,2950,[1125.1710205078125 619.7666625976562 1436.46484375 853.7723388671875],[1255.83935546875 696.9681396484375 1349.81396484375 725.9119873046875],0.7480445504188538,SV18FPI,0.6876631247084939
462,2950,[1126.66943359375 619.1943359375 1439.3961181640625 854.0595703125],[1256.679931640625 697.7825317382812 1349.924072265625 726.0845947265625],0.8303838968276978,SV18FPL,0.4103808362587232
463,2950,[1128.23291015625 618.361328125 1442.37060546875 854.5972290039062],[1257.10546875 697.2149047851562 1352.08935546875 725.5728149414062],0.7873082756996155,SV18FPL,0.34246540526051666
464,2950,[1130.67041015625 618.1961059570312 1445.1649169921875 855.4437255859375],[1257.5755615234375 693.993408203125 1350.53076171875 735.9013671875],0.12506267428398132,SV18FPI,0.8805481005515366
465,2950,[1131.855712890625 618.0923461914062 1448.2967529296875 856.3213500976562],[1259.39453125 694.2633056640625 1356.99951171875 736.756591796875],0.15460389852523804,SV18FPI,0.9643834293044968
466,2950,[1135.020263671875 617.9298706054688 1451.8505859375 856.3536376953125],[1268.22265625 693.3609619140625 1363.761962890625 735.4073486328125],0.15194232761859894,SV18FPI,0.8737228390783665
467,2950,[1137.6336669921875 617.41845703125 1456.747314453125 857.3147583007812],[1271.959716796875 692.67431640625 1366.918212890625 731.4703979492188],0.1244245246052742,SV18FPI,0.5574940229703175
468,2950,[1138.77587890625 616.818603515625 1460.805419921875 857.9405517578125],[1276.560546875 697.758056640625 1368.3359375 726.5091552734375],0.6718848943710327,SV18FPI,0.4921261480456812
469,2950,[1140.7947998046875 616.2556762695312 1464.208984375 858.7009887695312],[1277.851806640625 697.50341796875 1372.6944580078125 726.0185546875],0.6939379572868347,SV18FPI,0.6181783774978181
470,2950,[1142.966064453125 614.8224487304688 1469.8016357421875 860.6989135742188],[1281.578857421875 697.9707641601562 1376.4925537109375 725.8092041015625],0.6977901458740234,SV18FPI,0.6683489051744194
471,2950,[1145.1767578125 614.3355102539062 1473.126708984375 860.99462890625],[1282.5302734375 698.368408203125 1379.217041015625 726.0173950195312],0.7459883093833923,SV18FPI,0.6652835377887155
472,2950,[1146.5777587890625 614.8773803710938 1479.1751708984375 861.601318359375],[1287.61669921875 697.7308959960938 1388.0625 728.5731201171875],0.6934691071510315,SV18FPL,0.5614703889625099
473,2950,[1149.2646484375 613.8771362304688 1486.2015380859375 862.7777099609375],[1296.5323486328125 698.0392456054688 1396.332763671875 727.99951171875],0.7422369122505188,SV18FPL,0.6798136019294693
474,2950,[1151.99267578125 613.2163696289062 1490.4188232421875 863.9633178710938],[1299.77783203125 698.2630004882812 1398.279052734375 727.544677734375],0.7220813035964966,SV18FPL,0.7218468555710528
475,2950,[1157.580810546875 612.7242431640625 1497.3924560546875 866.061279296875],[1306.35888671875 698.975830078125 1400.636962890625 726.687744140625],0.8267478942871094,SV18FPL,0.8199752753548638
476,2950,[1162.3592529296875 612.77734375 1505.75634765625 866.648193359375],[1307.3851318359375 696.8025512695312 1416.3013916015625 739.2720336914062],0.16917085647583008,SV18FPL,0.9716954924082363
477,2950,[1165.2451171875 613.0930786132812 1511.061767578125 867.6754150390625],[1312.5794677734375 696.0447998046875 1417.1407470703125 737.062744140625],0.1824464350938797,SV18FPL,0.8054045752222357
478,2950,[1166.52197265625 613.6646118164062 1516.303955078125 869.654296875],[1321.8876953125 700.0059814453125 1420.79833984375 728.34814453125],0.7986505031585693,SV18FPL,0.8536059749627353
479,2950,[1169.9464111328125 613.5748901367188 1524.8685302734375 871.2745361328125],[1331.803466796875 700.412109375 1430.244384765625 727.312255859375],0.758250892162323,SV18FPL,0.9226532430576274
481,2950,[1176.450927734375 613.2222900390625 1536.5906982421875 872.6922607421875],[1337.835693359375 699.6832275390625 1435.7752685546875 728.8262939453125],0.7528067231178284,SV18FPI,0.8886395249067394
484,2950,[1191.3890380859375 613.1316528320312 1557.8092041015625 877.4231567382812],[1356.14111328125 702.6286010742188 1458.257568359375 729.6927490234375],0.6742354035377502,SU18FPI,0.16056361260887017
487,2950,[1201.8824462890625 613.1748657226562 1580.54345703125 881.1702270507812],[1377.5335693359375 703.95458984375 1480.4725341796875 731.2728271484375],0.635588526725769,SV18FPI,0.7504157925450354
488,2950,[1208.3304443359375 612.9837036132812 1591.355224609375 881.7785034179688],[1385.9095458984375 704.7701416015625 1493.7850341796875 734.5321655273438],0.6912531852722168,SV18FPI,0.421920701140751
490,2950,[1216.869384765625 611.7591552734375 1606.327392578125 883.0466918945312],[1399.0810546875 708.5234375 1505.28271484375 735.4710693359375],0.6696431636810303,SV18FPI,0.8568438319995985
495,2950,[1240.08251953125 610.8145141601562 1652.4287109375 892.4655151367188],[1440.420654296875 708.260498046875 1546.82861328125 736.7269287109375],0.7057476043701172,IV18FPI,0.3244785299249703
498,2950,[1255.8759765625 608.888916015625 1681.1734619140625 897.0339965820312],[1464.267578125 707.87158203125 1573.15771484375 734.91943359375],0.7277464866638184,SV18FPL,0.6640818566677303
499,2950,[1259.8892822265625 608.009033203125 1690.406005859375 898.59033203125],[1472.9219970703125 707.933837890625 1582.0953369140625 735.427490234375],0.6650885939598083,SV18FPL,0.4947772507411567
501,2950,[1271.0882568359375 608.7973022460938 1711.697998046875 899.71875],[1487.0377197265625 709.2350463867188 1600.2890625 741.0873413085938],0.8022118210792542,SV18FPL,0.35978801979532954
507,2950,[1303.2470703125 607.4947509765625 1764.108154296875 907.642822265625],[1534.80859375 710.361328125 1652.787109375 743.7821044921875],0.784644603729248,SV18FPI,0.3059545031443516
508,2950,[1307.5494384765625 607.0305786132812 1773.15673828125 908.8582763671875],[1546.614990234375 712.644287109375 1668.592529296875 744.9823608398438],0.6934084892272949,SV18FPI,0.950554735708371
509,2950,[1314.946044921875 605.5151977539062 1785.6163330078125 911.7128295898438],[1554.5943603515625 712.7213745117188 1675.3992919921875 745.873291015625],0.8256388306617737,SV18FPL,0.9491826403218733
510,2950,[1318.3345947265625 604.7623901367188 1793.7720947265625 914.0972290039062],[1558.7611083984375 711.957275390625 1684.168212890625 747.0580444335938],0.7746714353561401,SV18FPL,0.932008347421511
511,2950,[1322.9647216796875 602.7322387695312 1800.5301513671875 915.6923217773438],[1565.6575927734375 711.79345703125 1687.2081298828125 746.10986328125],0.815618634223938,SV18FPL,0.9688216412182089
512,2950,[1328.395751953125 601.2568359375 1809.0386962890625 916.9658203125],[1579.33544921875 712.0814208984375 1696.637939453125 745.4761962890625],0.7859674096107483,SV18FPL,0.5630241803106151
513,2950,[1331.0098876953125 601.1053466796875 1815.1412353515625 917.4577026367188],[1580.2353515625 711.2653198242188 1703.4957275390625 747.2111206054688],0.8329309225082397,SV18FPI,0.8684866817378909
514,2950,[1335.21240234375 600.1649169921875 1821.7578125 918.7542114257812],[1586.3558349609375 711.711181640625 1708.3092041015625 745.3947143554688],0.7739899158477783,SV18FPI,0.8957874955661241
515,2950,[1340.4686279296875 601.2800903320312 1829.0806884765625 920.467041015625],[1590.56591796875 714.5196533203125 1704.65576171875 741.5242919921875],0.1097826436161995,SV18FPI,0.9887522516697476
516,2950,[1341.649169921875 603.3616943359375 1834.3284912109375 921.5910034179688],[1596.627685546875 710.9273071289062 1720.213623046875 746.8714599609375],0.8688669204711914,SV18FPI,0.9753515882767013
517,2950,[1343.823486328125 602.9686889648438 1840.904296875 922.6912841796875],[1602.42333984375 711.7376708984375 1728.52734375 748.0291748046875],0.8256519436836243,SV18FPI,0.9947252000515099
518,2950,[1344.9117431640625 602.0299072265625 1848.1829833984375 922.8094482421875],[1606.9002685546875 712.962158203125 1733.6748046875 750.2938842773438],0.7794192433357239,SV18FPI,0.9649155866576294
519,2950,[1347.47998046875 601.8638305664062 1852.394775390625 923.4000244140625],[1611.764892578125 713.2135009765625 1735.80859375 748.87353515625],0.8124175071716309,SV18FPL,0.5415950181992437
520,2950,[1349.1021728515625 601.61376953125 1855.8408203125 925.6942138671875],[1614.3131103515625 713.2813720703125 1738.2454833984375 748.09033203125],0.754894495010376,SV18FPI,0.8093044769725837
521,2950,[1352.2066650390625 601.1626586914062 1860.37939453125 925.9630126953125],[1616.28955078125 712.07275390625 1744.324951171875 750.15478515625],0.715908944606781,SV18FPI,0.9482905792220527
522,2950,[1353.724609375 600.65625 1862.885009765625 927.8521118164062],[1617.7373046875 712.213134765625 1748.387451171875 753.6326293945312],0.7240449786186218,SV18FPL,0.9430782517436119
523,2950,[1354.7967529296875 601.143310546875 1866.2000732421875 929.4633178710938],[1622.40087890625 714.8126220703125 1754.904052734375 747.6822509765625],0.3237062394618988,SV18FPI,0.8976665780722348
524,2950,[1355.1083984375 600.1328735351562 1870.885498046875 930.5616455078125],[1622.601318359375 712.8165893554688 1759.51416015625 756.0650024414062],0.7194321155548096,SV18FPI,0.939221419321057
525,2950,[1355.5579833984375 600.5586547851562 1873.155517578125 931.4807739257812],[1623.60498046875 713.1469116210938 1758.208740234375 755.7958374023438],0.8110597729682922,SV18FPI,0.98210511931777
526,2950,[1356.017578125 601.3340454101562 1874.69287109375 931.5032348632812],[1628.01513671875 713.8775634765625 1758.292724609375 755.1732788085938],0.7045672535896301,SV18FPL,0.9489621330094532
527,2950,[1356.896240234375 601.718017578125 1878.12255859375 932.66357421875],[1631.21533203125 713.892578125 1760.463623046875 754.3471069335938],0.7549843192100525,SV18FPL,0.930717606617467
528,2950,[1357.238037109375 601.7144165039062 1880.4658203125 933.0128173828125],[1634.0452880859375 714.2528076171875 1762.42529296875 755.6702270507812],0.6856849789619446,SV18FPI,0.9889894304802592
529,2950,[1357.005615234375 601.2879638671875 1880.6805419921875 933.392822265625],[1636.732177734375 717.0785522460938 1762.7537841796875 753.27392578125],0.6741116642951965,SV18FPL,0.9713477748409922
530,2950,[1357.3193359375 600.615478515625 1881.9364013671875 934.0269775390625],[1636.2249755859375 713.8534545898438 1765.5413818359375 756.13037109375],0.624683678150177,SV18FPL,0.9959618910699459
531,2950,[1358.0245361328125 600.6740112304688 1882.64599609375 934.2804565429688],[1635.0194091796875 714.835693359375 1769.958251953125 756.2678833007812],0.6732397079467773,SV18FPI,0.8400474384179472
532,2950,[1359.2197265625 600.6951293945312 1883.4833984375 935.0234375],[1639.0411376953125 715.56005859375 1770.4010009765625 755.1339111328125],0.7069485187530518,SV18FPI,0.9065913086217348
533,2950,[1361.39501953125 599.687255859375 1883.805419921875 933.361328125],[1639.0008544921875 717.859130859375 1768.9368896484375 755.3831176757812],0.7893746495246887,SV18FPL,0.8251445731889213
534,2950,[1360.2261962890625 599.489501953125 1884.731201171875 936.404052734375],[1635.6837158203125 718.618408203125 1768.3267822265625 754.6328125],0.7655361890792847,SV18FPI,0.9259627682406533
535,2950,[1359.551025390625 600.631103515625 1885.1710205078125 936.5447998046875],[1641.15869140625 720.5243530273438 1768.205810546875 754.72412109375],0.7171492576599121,SV18FPI,0.9963982655820867
536,2950,[1359.2310791015625 599.2636108398438 1884.5889892578125 937.682373046875],[1640.3763427734375 720.0899658203125 1768.9398193359375 757.0877685546875],0.7108543515205383,SV18FPI,0.9913388380017315
537,2950,[1358.6290283203125 599.0322875976562 1884.6055908203125 938.6470336914062],[1643.4195556640625 721.4918212890625 1767.8858642578125 754.9246826171875],0.7234439849853516,SV18FPI,0.9466757475251112
538,2950,[1357.514892578125 599.6775512695312 1883.7208251953125 939.147216796875],[1642.96875 721.4273681640625 1769.2313232421875 755.9810791015625],0.7330340147018433,SV18FPL,0.6817697638821928
539,2950,[1356.5699462890625 601.019775390625 1884.3651123046875 939.9411010742188],[1641.063720703125 722.5679931640625 1768.7607421875 757.173095703125],0.7835999131202698,SV18FPI,0.9792091755749331
540,2950,[1356.0572509765625 601.9805297851562 1884.1251220703125 940.3012084960938],[1640.6107177734375 723.6377563476562 1767.4866943359375 756.58447265625],0.7928352952003479,SV18FPI,0.9008187237163368
541,2950,[1355.3714599609375 602.7613525390625 1881.6826171875 940.6751098632812],[1640.6583251953125 723.1172485351562 1766.344482421875 756.639404296875],0.7792248725891113,SV18FPI,0.8519755711856257
542,2950,[1354.1689453125 603.4882202148438 1879.278076171875 940.6021728515625],[1630.552001953125 721.552490234375 1785.828369140625 758.7401733398438],0.13667352497577667,SV18FPL,0.8385288621603677
543,2950,[1353.650146484375 603.5941162109375 1877.3033447265625 940.4393310546875],[1631.7147216796875 716.6676025390625 1768.4974365234375 761.5870971679688],0.14109240472316742,SV18FPI,0.9836815412623955
544,2950,[1353.1031494140625 603.8847045898438 1875.950439453125 941.060791015625],[1632.9305419921875 723.01513671875 1762.018798828125 757.6675415039062],0.6511595845222473,SV18FPI,0.7307324034286159
545,2950,[1352.1058349609375 605.4581909179688 1874.8380126953125 941.18896484375],[1629.669189453125 722.7724609375 1766.708740234375 759.439697265625],0.7137746214866638,SV18FPL,0.983183144342365
546,2950,[1351.61279296875 605.4657592773438 1873.882568359375 941.7313842773438],[1633.06640625 722.6829833984375 1766.05224609375 759.2423095703125],0.7363178730010986,SV18FPL,0.9734616930539244
547,2950,[1350.8529052734375 607.3780517578125 1870.5201416015625 942.1318969726562],[1628.823974609375 722.3580322265625 1759.53173828125 759.5740356445312],0.7496087551116943,SV18FPL,0.9958222849129666
548,2950,[1348.55810546875 608.7040405273438 1866.7322998046875 942.1549682617188],[1625.36572265625 724.2874755859375 1752.141357421875 760.848388671875],0.659258246421814,SV18FPL,0.8874080691534779
549,2950,[1347.1199951171875 609.6429443359375 1864.5810546875 942.3745727539062],[1625.510009765625 725.0293579101562 1747.130126953125 759.6216430664062],0.6587227582931519,SV18FPI,0.9823339837544554
550,2950,[1346.055908203125 612.9369506835938 1862.8154296875 943.070556640625],[1628.2056884765625 727.107666015625 1746.3336181640625 760.2288818359375],0.6289065480232239,SV18FPL,0.9479595334153413
551,2950,[1342.9366455078125 614.6829833984375 1857.2628173828125 943.2389526367188],[1621.3480224609375 725.1849975585938 1748.38037109375 764.6361694335938],0.7185640931129456,SV18FPI,0.9789266381371882
552,2950,[1341.6500244140625 614.960693359375 1854.3232421875 943.6256713867188],[1621.3765869140625 728.3063354492188 1744.3355712890625 764.401611328125],0.6731178164482117,SV18FPI,0.9906072734744168
553,2950,[1340.6439208984375 616.6585693359375 1850.5384521484375 943.9412231445312],[1620.0897216796875 730.7034301757812 1739.3367919921875 763.0578002929688],0.6819731593132019,SV18FPL,0.9953484359280209
554,2950,[1337.0941162109375 617.1253051757812 1842.4835205078125 942.4058837890625],[1612.3568115234375 730.5350341796875 1734.9931640625 762.7264404296875],0.708020806312561,SV18FPI,0.9893566709485069
555,2950,[1334.00537109375 617.8339233398438 1837.9169921875 941.5221557617188],[1610.1551513671875 729.8856811523438 1728.7884521484375 763.2899780273438],0.7627267837524414,SV18FPL,0.9873837169960287
557,2950,[1331.859619140625 619.3241577148438 1834.0482177734375 941.9104614257812],[1608.944580078125 733.7926025390625 1726.447021484375 766.112548828125],0.7553287148475647,SV18FPL,0.9964717474745673
558,2950,[1329.693359375 619.476806640625 1829.2025146484375 940.0926513671875],[1602.0618896484375 733.7904052734375 1720.9039306640625 767.4490356445312],0.7575513124465942,SV18FPL,0.959495201262854
559,2950,[1327.11767578125 619.7308959960938 1822.814208984375 938.3406372070312],[1600.60107421875 734.195556640625 1719.66796875 767.69873046875],0.7407597899436951,SV18FPL,0.9900368222325889
560,2950,[1326.2158203125 620.294921875 1828.806884765625 939.3240966796875],[1598.64404296875 734.6876220703125 1718.95751953125 768.741943359375],0.7562310099601746,SV18FPL,0.9902167240233573
561,2950,[1325.7581787109375 620.0723266601562 1826.6971435546875 937.7246704101562],[1597.635498046875 734.4578247070312 1714.15869140625 767.5870971679688],0.6929807066917419,SV18FPI,0.9975612468049562
562,2950,[1322.60546875 620.6820068359375 1814.344970703125 934.1244506835938],[1590.64013671875 734.0413818359375 1711.1015625 767.9473876953125],0.7231197357177734,SV18FPI,0.9959751099649206
563,2950,[1318.712890625 621.9487915039062 1803.7545166015625 930.5430908203125],[1581.4932861328125 735.4275512695312 1697.1778564453125 767.2516479492188],0.7093033790588379,SV18FPI,0.9613417811120145
564,2950,[1316.5888671875 622.739990234375 1797.5887451171875 929.6149291992188],[1579.2857666015625 735.1817626953125 1696.0074462890625 766.658447265625],0.623513400554657,SV18FPI,0.9964930385303469
565,2950,[1313.9320068359375 624.8991088867188 1792.9326171875 929.6464233398438],[1576.185546875 735.541748046875 1689.443359375 766.7642822265625],0.5331584215164185,SV18FPI,0.9228599895991467
566,2950,[1309.2261962890625 624.1209106445312 1784.370361328125 927.8265991210938],[1582.7677001953125 740.6376953125 1688.4254150390625 769.712646484375],0.111238032579422,SV18EPI,0.9189935108616683
567,2950,[1306.9610595703125 623.7792358398438 1777.5145263671875 926.0958251953125],[1563.29248046875 730.8846435546875 1686.872802734375 766.2705078125],0.11665695905685425,SV18FPI,0.8528264948451747
568,2950,[1305.8338623046875 625.7217407226562 1772.5340576171875 926.2850341796875],[1561.43798828125 734.5357666015625 1671.04052734375 763.8668212890625],0.7305724024772644,SV18FPL,0.706281313815708
569,2950,[1301.80810546875 626.9213256835938 1764.5513916015625 924.9909057617188],[1556.660888671875 733.6162719726562 1663.141845703125 763.7514038085938],0.4974623918533325,SV18FPI,0.7966219623667431
570,2950,[1300.093994140625 627.55517578125 1763.86962890625 924.6358642578125],[1551.810302734375 732.0166015625 1663.778564453125 763.7001953125],0.507260799407959,SV18FPI,0.914718082402145
571,2950,[1296.994140625 627.81494140625 1755.0247802734375 922.938232421875],[1546.5421142578125 732.49169921875 1657.2279052734375 763.1724853515625],0.5001142024993896,SV18FPL,0.9350518760820088
572,2950,[1294.401123046875 627.9094848632812 1747.1104736328125 921.243896484375],[1540.09423828125 733.0003662109375 1645.805419921875 759.2802734375],0.5198012590408325,SV18FPI,0.9674461655237311
573,2950,[1292.2359619140625 628.2600708007812 1742.710693359375 920.0728149414062],[1540.34326171875 732.30615234375 1641.70458984375 758.6846923828125],0.5551869869232178,SV18FPI,0.9672532479608762
574,2950,[1288.5489501953125 624.536376953125 1736.250732421875 917.844482421875],[1535.94091796875 732.9495849609375 1640.728515625 758.7330322265625],0.44407373666763306,SV18FPI,0.8114898885339445
575,2950,[1285.256591796875 624.576171875 1725.7423095703125 915.1326293945312],[1527.706787109375 731.881103515625 1625.6590576171875 756.1144409179688],0.48480159044265747,SV18FPL,0.9590790628814047
576,2950,[1282.807861328125 623.4385375976562 1721.253662109375 913.4506225585938],[1524.4228515625 730.4281616210938 1622.9578857421875 755.8828125],0.5258423686027527,SV18FPL,0.5233886839209522
577,2950,[1281.343994140625 622.0980834960938 1714.2030029296875 911.0069580078125],[1518.462158203125 730.3502197265625 1624.0264892578125 756.0866088867188],0.471788227558136,SV18FPI,0.7723008093594448
579,2950,[1274.0269775390625 622.4686279296875 1700.5667724609375 905.990966796875],[1509.5703125 726.3984375 1613.72119140625 754.007080078125],0.5040990114212036,SV18FPL,0.9021143637243311
580,2950,[1271.7149658203125 622.2694091796875 1696.78662109375 905.2542114257812],[1503.085205078125 725.3939208984375 1602.23828125 752.6068725585938],0.41588646173477173,SV18FPL,0.9677029344171102
581,2950,[1269.6973876953125 622.3746337890625 1689.170166015625 903.2523193359375],[1494.98291015625 723.9503173828125 1596.26953125 753.3158569335938],0.5429756045341492,SV18FPL,0.575727562492158
582,2950,[1268.0943603515625 623.104248046875 1684.2626953125 900.9249267578125],[1497.3836669921875 722.7664794921875 1593.860595703125 749.4889526367188],0.4310799539089203,SV18FPL,0.7468756460244528
583,2950,[1266.3048095703125 623.482666015625 1680.765869140625 898.6149291992188],[1490.0921630859375 722.4141845703125 1588.8211669921875 751.3375244140625],0.5413987636566162,SV18FPI,0.9982671231977654
584,2950,[1260.2451171875 626.0335083007812 1668.0552978515625 893.5862426757812],[1481.0328369140625 718.866943359375 1581.48388671875 749.3681030273438],0.40099605917930603,SV18FPI,0.9371325395085996
585,2950,[1256.937744140625 627.2947387695312 1662.2933349609375 891.388916015625],[1478.1295166015625 719.9237060546875 1573.69482421875 746.3567504882812],0.33014822006225586,SV18FPI,0.8944961414248613
586,2950,[1255.2552490234375 628.0288696289062 1657.2972412109375 890.0538330078125],[1476.6712646484375 719.3005981445312 1574.2745361328125 747.0772705078125],0.3117760717868805,SV18FPI,0.9620388059302969
587,2950,[1252.401123046875 627.835693359375 1650.8551025390625 886.5901489257812],[1468.7105712890625 718.9945068359375 1563.23046875 747.855224609375],0.5278003215789795,SV18FPL,0.9569248177087307
588,2950,[1250.5540771484375 628.8251953125 1646.85107421875 885.6898193359375],[1467.505615234375 719.02734375 1563.421630859375 748.0951538085938],0.5104418396949768,SV18FPL,0.948382066330562
589,2950,[1248.85595703125 629.6162719726562 1641.180908203125 884.3269653320312],[1459.474853515625 720.78564453125 1555.035888671875 748.3477783203125],0.4711032807826996,IV18FPI,0.6499157115620073
590,2950,[1244.9996337890625 631.2193603515625 1633.7269287109375 883.7146606445312],[1453.594970703125 720.063232421875 1551.586181640625 749.4801025390625],0.4432363212108612,SV18FPI,0.9579575486319353
591,2950,[1243.733154296875 632.6343383789062 1628.9705810546875 883.431396484375],[1452.468505859375 720.4130859375 1543.5791015625 746.9154052734375],0.4168394207954407,SV18FPL,0.814441482118521
593,2950,[1238.986572265625 635.446044921875 1615.9600830078125 882.9405517578125],[1438.583251953125 722.5313720703125 1531.56005859375 749.7357788085938],0.473580539226532,SV18FPL,0.630573835807237
594,2950,[1237.671142578125 637.26513671875 1611.914306640625 882.9848022460938],[1431.640380859375 723.1781005859375 1527.4793701171875 749.7493896484375],0.49253326654434204,SV18FPI,0.5881732884981631
595,2950,[1235.183349609375 638.8076171875 1608.6484375 882.91162109375],[1427.8507080078125 724.965087890625 1518.14013671875 749.8313598632812],0.4666259288787842,SV18FPI,0.753139590387266
596,2950,[1233.3193359375 638.8548583984375 1598.938720703125 880.4639892578125],[1422.2066650390625 725.960693359375 1508.33251953125 750.9669799804688],0.48771214485168457,SV18FPI,0.830521678035386
597,2950,[1232.3056640625 640.68994140625 1591.96533203125 879.2523803710938],[1419.593505859375 724.69189453125 1506.60888671875 751.7197265625],0.5071707963943481,SV18FPI,0.676743098600114
598,2950,[1229.0677490234375 642.2229614257812 1586.8193359375 879.0092163085938],[1414.8125 725.2178955078125 1506.065673828125 751.8817138671875],0.42117390036582947,SV18FPI,0.6871374187744446
599,2950,[1225.4656982421875 644.2666015625 1580.8238525390625 879.5968627929688],[1409.7125244140625 728.8026123046875 1493.926025390625 751.566650390625],0.3087198734283447,SV18FPI,0.6634531684201757
600,2950,[1223.995361328125 646.1676025390625 1577.5335693359375 880.0947265625],[1402.601806640625 728.2483520507812 1495.787109375 752.3710327148438],0.28803178668022156,SV18FPI,0.7304477304449999
601,2950,[1221.802978515625 647.3779296875 1574.0286865234375 880.5965576171875],[1403.705322265625 727.7333984375 1494.500732421875 751.8451538085938],0.38833779096603394,SV18FPI,0.9699764899962992
602,2950,[1220.6639404296875 648.0383911132812 1564.6820068359375 878.60693359375],[1395.3427734375 728.0972900390625 1484.8604736328125 752.21044921875],0.26691868901252747,SV18FPI,0.9815141300938997
603,2950,[1217.6563720703125 648.5906982421875 1560.44287109375 877.2425537109375],[1395.806640625 729.5520629882812 1479.681640625 751.956298828125],0.26863253116607666,SV18FPI,0.8077858309527727
604,2950,[1215.678955078125 650.0243530273438 1556.634765625 875.64794921875],[1390.877197265625 728.341064453125 1473.6463623046875 751.23828125],0.47445428371429443,SV18FPI,0.9455197722765974
605,2950,[1212.1876220703125 650.0195922851562 1550.2608642578125 875.16455078125],[1383.532958984375 730.2498779296875 1470.1220703125 752.074951171875],0.527035653591156,SV18FPI,0.9036289597995034
606,2950,[1211.89990234375 649.271728515625 1546.1146240234375 874.4312133789062],[1378.552978515625 730.5308837890625 1469.2862548828125 753.2335205078125],0.5403804779052734,SV18FPI,0.8291027835694927
607,2950,[1210.180419921875 650.2703247070312 1540.4041748046875 873.8740844726562],[1381.7530517578125 729.2001342773438 1460.6795654296875 751.565185546875],0.5520052313804626,SV18FPI,0.9115476279052643
608,2950,[1208.4375 651.059326171875 1534.8359375 872.9794311523438],[1372.2301025390625 729.0068359375 1455.430419921875 751.7939453125],0.4727531671524048,SV18FPI,0.9559421532573861
609,2950,[1207.539306640625 651.9306030273438 1532.0198974609375 871.954345703125],[1370.4473876953125 729.8501586914062 1452.3006591796875 751.5664672851562],0.48277902603149414,SV18FPI,0.7711636978416665
610,2950,[1204.7359619140625 653.1988525390625 1527.9500732421875 871.3534545898438],[1368.6268310546875 728.1458129882812 1452.0345458984375 752.0313720703125],0.4379643499851227,SV18FPI,0.6572414264795253
611,2950,[1201.6949462890625 653.7305297851562 1520.954345703125 869.7066650390625],[1357.519775390625 726.69189453125 1446.0670166015625 749.9302368164062],0.29760637879371643,SV18FPI,0.886217335552425
612,2950,[1199.1038818359375 654.1157836914062 1516.4349365234375 868.7325439453125],[1351.111083984375 723.5005493164062 1445.959716796875 750.9876708984375],0.30193689465522766,SV18FPI,0.6129526202692881
613,2950,[1197.9990234375 653.902099609375 1511.130126953125 867.4322509765625],[1358.5252685546875 729.626708984375 1427.973876953125 750.5054931640625],0.12421456724405289,SV18FPI,0.8942170445329556
614,2950,[1197.1444091796875 654.9371948242188 1505.0606689453125 865.6918334960938],[1346.6883544921875 722.7766723632812 1430.6220703125 750.8096923828125],0.22725950181484222,SV18FPI,0.6884011481407771
615,2950,[1195.26513671875 654.8010864257812 1501.3154296875 865.3218994140625],[1345.1898193359375 724.7638549804688 1425.446044921875 748.7493896484375],0.43681102991104126,SV18FPI,0.513065754104807
617,2950,[1190.4697265625 654.1679077148438 1490.8060302734375 859.5287475585938],[1330.04052734375 719.6519165039062 1420.5211181640625 748.3172607421875],0.31885194778442383,SV18FPI,0.7227115750315107
619,2950,[1189.0589599609375 653.125 1481.8651123046875 856.052978515625],[1329.2342529296875 719.50927734375 1412.9620361328125 747.5971069335938],0.44524016976356506,SV18FPI,0.6930381555516169
621,2950,[1184.9041748046875 653.1890869140625 1474.475341796875 853.8756103515625],[1329.0396728515625 722.9485473632812 1401.2440185546875 746.7932739257812],0.3617304265499115,SV18FPI,0.46500873012062355
622,2950,[1181.7926025390625 654.007080078125 1470.646484375 853.3715209960938],[1323.0185546875 717.26318359375 1405.680908203125 745.0992431640625],0.12440557032823563,SV18FPI,0.8637903151216713
625,2950,[1192.4298095703125 656.1912231445312 1459.3125 849.4669189453125],[1313.2047119140625 720.0584106445312 1390.61181640625 745.647216796875],0.35183706879615784,SV18FPI,0.8137416763713792
626,2950,[1193.4969482421875 656.4780883789062 1457.292724609375 848.3446655273438],[1310.37744140625 717.9468994140625 1386.107421875 743.6234130859375],0.3336646258831024,SV18FPI,0.4294657225704482
628,2950,[1183.9122314453125 656.425048828125 1451.918701171875 847.37841796875],[1307.563232421875 722.1058349609375 1370.4130859375 745.0057983398438],0.2302630990743637,SV18FPL,0.2067047832631479
629,2950,[1175.1240234375 656.7618408203125 1446.1763916015625 845.1177978515625],[1300.641845703125 717.2236328125 1374.87353515625 741.5159912109375],0.14314475655555725,SV38FPD,0.2719541511836573
630,2950,[1172.365234375 656.2958374023438 1441.7757568359375 843.560791015625],[1306.4564208984375 720.1123657226562 1377.5833740234375 745.3245849609375],0.23825573921203613,SV18FPI,0.5418243104872125
632,2950,[1165.683837890625 656.7687377929688 1432.4324951171875 839.2887573242188],[1293.343994140625 719.34375 1365.201904296875 744.4493408203125],0.16527362167835236,SV18FPI,0.5620039773040704
633,2950,[1163.9603271484375 656.0587768554688 1428.013427734375 838.0988159179688],[1289.480712890625 719.5821533203125 1361.4268798828125 744.5784301757812],0.1839848905801773,SV18FPI,0.5810313455638864
634,2950,[1163.174560546875 655.82763671875 1425.0130615234375 838.0039672851562],[1277.786376953125 716.1004028320312 1354.81005859375 738.3019409179688],0.10304249823093414,SV18FPI,0.47246587130440465
635,2950,[1161.7060546875 655.4769287109375 1422.4007568359375 837.30615234375],[1275.66552734375 716.37255859375 1349.6136474609375 745.73974609375],0.11396321654319763,SV18FPI,0.865541428984894
636,2950,[1160.7728271484375 655.1691284179688 1419.2957763671875 836.8228149414062],[1285.071533203125 717.6795043945312 1351.8497314453125 740.6841430664062],0.5518588423728943,SV18FPI,0.3993954800244781
637,2950,[1158.4525146484375 656.2476806640625 1416.0191650390625 836.0228881835938],[1275.0274658203125 715.3250732421875 1346.590087890625 745.4942626953125],0.1608317494392395,SV18FPI,0.7218054579627162
639,2950,[1154.3048095703125 658.6272583007812 1409.3973388671875 834.8197021484375],[1266.8035888671875 719.8234252929688 1334.387939453125 745.48095703125],0.1136525347828865,SV11BFF,0.5648703064272813
641,2950,[1154.11572265625 660.9603271484375 1405.0224609375 835.2842407226562],[1277.352783203125 720.6846923828125 1344.01708984375 744.8303833007812],0.3511045277118683,SV08FPI,0.3105888562314754
642,2950,[1153.4896240234375 660.6895751953125 1402.20458984375 835.1040649414062],[1280.456787109375 720.6455078125 1343.30615234375 744.6995849609375],0.13075436651706696,SV18FPL,0.742542361417476
